ï»¿id_producto;nombre;precio;categoria_actual;subcategoria_actual;categoria_nueva;subcategoria_nueva
ME-3959;CÃ¡psulas Cola de caballo Deliplus;385;Bazar y Varios;Otros bazar;Revisar;Revisar
ME-3963;CÃ¡psulas Colagen Antiox piel Deliplus;495;Bazar y Varios;Otros bazar;Revisar;Revisar
ME-3969;CÃ¡psulas Gases Deliplus;45;Bazar y Varios;Otros bazar;Revisar;Revisar
ME-3955;CÃ¡psulas LaxForte Deliplus;395;Bazar y Varios;Otros bazar;Revisar;Revisar
ME-3961;CÃ¡psulas Memory Forte Deliplus;395;Bazar y Varios;Otros bazar;Revisar;Revisar
ME-3966;CÃ¡psulas Menopausia Deliplus;45;Bazar y Varios;Otros bazar;Revisar;Revisar
ME-0681;CÃ¡psulas para ojos Regen Skin Deliplus;50;Bazar y Varios;Otros bazar;Revisar;Revisar
ME-3970;CÃ¡psulas ProbiÃ³tico Deliplus;595;Bazar y Varios;Otros bazar;Revisar;Revisar
ME-3962;CÃ¡psulas Quemagrasas Deliplus;395;Bazar y Varios;Otros bazar;Revisar;Revisar
ME-3965;CÃ¡psulas Spirulina + vitamina B12 Deliplus;50;Bazar y Varios;Otros bazar;Revisar;Revisar
ME-3956;CÃ¡psulas Valeriana Deliplus;415;Bazar y Varios;Otros bazar;Revisar;Revisar
ME-0996;Caracola con pasas 10%;10;Bazar y Varios;Otros bazar;Revisar;Revisar
ME-4486;CarbÃ³n vegetal Bosque Verde;405;Bazar y Varios;Otros bazar;Revisar;Revisar
ME-3345;Cardo troceado Hacendado;195;Bazar y Varios;Otros bazar;Revisar;Revisar
ME-0513;Carpaccio de vacuno;41;Bazar y Varios;Otros bazar;Revisar;Revisar
ME-1390;CastaÃ±as cocidas y peladas Hacendado;14;Bazar y Varios;Otros bazar;Revisar;Revisar
ME-2176;Cayena guindillas Hacendado;136;Bazar y Varios;Otros bazar;Revisar;Revisar
ME-2177;Cayena molida Hacendado;165;Bazar y Varios;Otros bazar;Revisar;Revisar
ME-1525;Cebollitas Hacendado;165;Bazar y Varios;Otros bazar;Revisar;Revisar
ME-1577;Cecina ahumada natural Embutidos Pajariel lonchas;42;Bazar y Varios;Otros bazar;Revisar;Revisar
ME-1816;Cepillo de uÃ±as Deliplus;19;Bazar y Varios;Otros bazar;Revisar;Revisar
ME-4082;Cepillo limpiabiberÃ³n y tetina Deliplus;25;Bazar y Varios;Otros bazar;Revisar;Revisar
ME-4514;Cepillo para lavar con asa Bosque Verde;19;Bazar y Varios;Otros bazar;Revisar;Revisar
ME-0876;Cepillos interdentales Extrafinos cÃ³nicos Deliplus;15;Bazar y Varios;Otros bazar;Revisar;Revisar
ME-0881;Cepillos interdentales Finos cÃ³nicos Deliplus;15;Bazar y Varios;Otros bazar;Revisar;Revisar
ME-0890;Cepillos interdentales Micro Deliplus;15;Bazar y Varios;Otros bazar;Revisar;Revisar
ME-1478;Cera caliente en tarro Deliplus piel sensible;41;Bazar y Varios;Otros bazar;Revisar;Revisar
ME-1479;Cera facial caliente en tarro Deliplus piel sensible;375;Bazar y Varios;Otros bazar;Revisar;Revisar
ME-4286;Cera Multisuperficies Bosque Verde;45;Bazar y Varios;Otros bazar;Revisar;Revisar
ME-3319;ChampiÃ±Ã³n entero Hacendado;145;Bazar y Varios;Otros bazar;Revisar;Revisar
ME-3318;ChampiÃ±Ã³n laminado Hacendado;18;Bazar y Varios;Otros bazar;Revisar;Revisar
ME-2346;Chili con carne Hacendado;28;Bazar y Varios;Otros bazar;Revisar;Revisar
ME-0207;Chirla viva;46;Bazar y Varios;Otros bazar;Revisar;Revisar
ME-0611;Chistorra;15;Bazar y Varios;Otros bazar;Revisar;Revisar
ME-1536;Chopped cocido en lata Hacendado finas lonchas;185;Bazar y Varios;Otros bazar;Revisar;Revisar
ME-3344;Chucrut al estilo bÃ¡varo Hengstenberg;22;Bazar y Varios;Otros bazar;Revisar;Revisar
ME-0523;Churrasquito de vacuno aÃ±ojo;355;Bazar y Varios;Otros bazar;Revisar;Revisar
ME-0887;Cinta dental con cera y sabor menta;25;Bazar y Varios;Otros bazar;Revisar;Revisar
ME-1424;Ciruelas desecadas sin hueso Hacendado;214;Bazar y Varios;Otros bazar;Revisar;Revisar
ME-2182;Clavo en grano Hacendado;175;Bazar y Varios;Otros bazar;Revisar;Revisar
ME-4317;Cloro 5 acciones disoluciÃ³n lenta tabletas para piscina;310;Bazar y Varios;Otros bazar;Revisar;Revisar
ME-4313;Cloro rÃ¡pido granulado para piscina;325;Bazar y Varios;Otros bazar;Revisar;Revisar
ME-1876;Cocido Hacendado;19;Bazar y Varios;Otros bazar;Revisar;Revisar
ME-1414;Cocktail crunchy sabores Hacendado;175;Bazar y Varios;Otros bazar;Revisar;Revisar
ME-1419;Cocktail fruta deshidratada Hacendado;19;Bazar y Varios;Otros bazar;Revisar;Revisar
ME-1412;Cocktail mezcla Hacendado;175;Bazar y Varios;Otros bazar;Revisar;Revisar
ME-1416;Cocktail natural Hacendado;27;Bazar y Varios;Otros bazar;Revisar;Revisar
ME-1415;Cocktail rodeo Hacendado;185;Bazar y Varios;Otros bazar;Revisar;Revisar
ME-1420;Cocktail rumba Hacendado;175;Bazar y Varios;Otros bazar;Revisar;Revisar
ME-1698;Coco rallado Hacendado;13;Bazar y Varios;Otros bazar;Revisar;Revisar
ME-0444;Codornices;42;Bazar y Varios;Otros bazar;Revisar;Revisar
ME-3948;ColÃ¡geno soluble sabor limÃ³n Colagen;53;Bazar y Varios;Otros bazar;Revisar;Revisar
ME-4394;Colgador antipolillas Lavanda Bosque Verde;155;Bazar y Varios;Otros bazar;Revisar;Revisar
ME-4392;Colgador antipolillas Ropa Limpia Bosque Verde;155;Bazar y Varios;Otros bazar;Revisar;Revisar
ME-4249;Colgador WC Azul limpieza activa Bosque Verde;125;Bazar y Varios;Otros bazar;Revisar;Revisar
ME-4246;Colgador WC Azul perfume marino Bosque Verde;125;Bazar y Varios;Otros bazar;Revisar;Revisar
ME-4258;Colgador WC DÃ¡lia Bosque Verde;13;Bazar y Varios;Otros bazar;Revisar;Revisar
ME-4259;Colgador WC Maxigotas Spa Bosque Verde;13;Bazar y Varios;Otros bazar;Revisar;Revisar
ME-4257;Colgador WC Power Activ Pino Bref;295;Bazar y Varios;Otros bazar;Revisar;Revisar
ME-1096;Combinado de aperitivos Hacendado;16;Bazar y Varios;Otros bazar;Revisar;Revisar
ME-1413;Combinado frutos secos, frutas desecadas y semillas de calabaza Hacendado;26;Bazar y Varios;Otros bazar;Revisar;Revisar
ME-2172;Comino en grano Hacendado;195;Bazar y Varios;Otros bazar;Revisar;Revisar
ME-2171;Comino molido Hacendado;12;Bazar y Varios;Otros bazar;Revisar;Revisar
ME-1266;Compresa con alas noche Ausonia;25;Bazar y Varios;Otros bazar;Revisar;Revisar
ME-1258;Compresa con alas noche Deliplus;115;Bazar y Varios;Otros bazar;Revisar;Revisar
ME-1255;Compresa con alas noche plegada Deliplus Classic;14;Bazar y Varios;Otros bazar;Revisar;Revisar
ME-1268;Compresa con alas normal Ausonia;25;Bazar y Varios;Otros bazar;Revisar;Revisar
ME-1257;Compresa con alas normal Deliplus;215;Bazar y Varios;Otros bazar;Revisar;Revisar
ME-1273;Compresa con alas normal Deliplus Cotton;34;Bazar y Varios;Otros bazar;Revisar;Revisar
ME-1263;Compresa con alas normal Evax cotton like;45;Bazar y Varios;Otros bazar;Revisar;Revisar
ME-1269;Compresa con alas super Ausonia;25;Bazar y Varios;Otros bazar;Revisar;Revisar
ME-1261;Compresa con alas super Deliplus;215;Bazar y Varios;Otros bazar;Revisar;Revisar
ME-1274;Compresa con alas super Deliplus Cotton;34;Bazar y Varios;Otros bazar;Revisar;Revisar
ME-1265;Compresa con alas super Evax cotton like fresh;435;Bazar y Varios;Otros bazar;Revisar;Revisar
ME-1323;Compresa de incontinencia Tena masculina;50;Bazar y Varios;Otros bazar;Revisar;Revisar
ME-1259;Compresa sin alas de incontinencia Deliplus Extra;335;Bazar y Varios;Otros bazar;Revisar;Revisar
ME-1256;Compresa sin alas de incontinencia Deliplus Maxi;315;Bazar y Varios;Otros bazar;Revisar;Revisar
ME-1275;Compresa sin alas de incontinencia Deliplus Maxi Night;315;Bazar y Varios;Otros bazar;Revisar;Revisar
ME-1271;Compresa sin alas de incontinencia Deliplus Mini;335;Bazar y Varios;Otros bazar;Revisar;Revisar
ME-1264;Compresa sin alas de incontinencia Deliplus Normal;335;Bazar y Varios;Otros bazar;Revisar;Revisar
ME-1267;Compresa sin alas normal Deliplus;215;Bazar y Varios;Otros bazar;Revisar;Revisar
ME-1254;Compresa sin alas normal Deliplus Classic;11;Bazar y Varios;Otros bazar;Revisar;Revisar
ME-1276;Compresa sin alas normal Evax cotton like;285;Bazar y Varios;Otros bazar;Revisar;Revisar
ME-1260;Compresa sin alas normal plegada Deliplus Classic;12;Bazar y Varios;Otros bazar;Revisar;Revisar
ME-1270;Compresa sin alas super Deliplus;215;Bazar y Varios;Otros bazar;Revisar;Revisar
ME-1262;Compresa sin alas super plegada Deliplus Classic;14;Bazar y Varios;Otros bazar;Revisar;Revisar
ME-3968;Comprimidos cabello y uÃ±as Deliplus;395;Bazar y Varios;Otros bazar;Revisar;Revisar
ME-3951;Comprimidos Dormir Deliplus;395;Bazar y Varios;Otros bazar;Revisar;Revisar
ME-3952;Comprimidos efervescentes vitamina C y zinc Deliplus sabor limÃ³n;195;Bazar y Varios;Otros bazar;Revisar;Revisar
ME-3950;Comprimidos Vitaminas y Minerales Deliplus;30;Bazar y Varios;Otros bazar;Revisar;Revisar
ME-3100;Concha fina al natural Hacendado;19;Bazar y Varios;Otros bazar;Revisar;Revisar
ME-0540;Conejo entero;1032;Bazar y Varios;Otros bazar;Revisar;Revisar
ME-3489;Confitura de melocotÃ³n Hacendado 0% azÃºcares aÃ±adidos;16;Bazar y Varios;Otros bazar;Revisar;Revisar
ME-0677;Contorno de ojos Antiarrugas e Iluminador con silicio Sisbela Reafirm Deliplus;45;Bazar y Varios;Otros bazar;Revisar;Revisar
ME-0680;Contorno de ojos arrugas y bolsas Deliplus Prevent Age Skin;45;Bazar y Varios;Otros bazar;Revisar;Revisar
ME-1616;Contorno de ojos Men Care Regen Skin Deliplus;50;Bazar y Varios;Otros bazar;Revisar;Revisar
ME-0679;Contorno de ojos y pÃ¡rpados Dragon's blood Anti Ox;45;Bazar y Varios;Otros bazar;Revisar;Revisar
ME-2462;Copos de avena BrÃ¼ggen;135;Bazar y Varios;Otros bazar;Revisar;Revisar
ME-2461;Copos de avena sin gluten Hacendado;21;Bazar y Varios;Otros bazar;Revisar;Revisar
ME-1190;Coquito;19;Bazar y Varios;Otros bazar;Revisar;Revisar
ME-3028;Corrector fluido Hydra Deliplus 100 porcelana;50;Bazar y Varios;Otros bazar;Revisar;Revisar
ME-3029;Corrector fluido Hydra Deliplus 200 vainilla;50;Bazar y Varios;Otros bazar;Revisar;Revisar
ME-3030;Corrector fluido Hydra Deliplus 300 arena;50;Bazar y Varios;Otros bazar;Revisar;Revisar
ME-3023;Corrector fluido multiusos Long Lasting Deliplus mate 100 beige rosado;475;Bazar y Varios;Otros bazar;Revisar;Revisar
ME-3021;Corrector Mate Stick Deliplus 100 beige rosado;425;Bazar y Varios;Otros bazar;Revisar;Revisar
ME-3019;Corrector serum luminoso Deliplus 100 beige claro;50;Bazar y Varios;Otros bazar;Revisar;Revisar
ME-3020;Corrector serum luminoso Deliplus 200 beige oscuro;50;Bazar y Varios;Otros bazar;Revisar;Revisar
ME-1815;Corta cutÃ­culas Deliplus;21;Bazar y Varios;Otros bazar;Revisar;Revisar
ME-1819;CortaÃºÃ±as manos y pies Deliplus;19;Bazar y Varios;Otros bazar;Revisar;Revisar
ME-2595;Cous cous mediano Hacendado;195;Bazar y Varios;Otros bazar;Revisar;Revisar
ME-0879;Crema adhesiva para prÃ³tesis dentales Benfix sin sabor;35;Bazar y Varios;Otros bazar;Revisar;Revisar
ME-3660;Crema al cacao con avellanas Hacendado;205;Bazar y Varios;Otros bazar;Revisar;Revisar
ME-3665;Crema al cacao con avellanas Hacendado de 2 sabores;205;Bazar y Varios;Otros bazar;Revisar;Revisar
ME-3662;Crema al cacao con avellanas Nutella;40;Bazar y Varios;Otros bazar;Revisar;Revisar
ME-1613;Crema cara, cuerpo y manos Nivea Men;495;Bazar y Varios;Otros bazar;Revisar;Revisar
ME-1633;Crema catalana Hacendado;275;Bazar y Varios;Otros bazar;Revisar;Revisar
ME-1127;Crema corporal anticelulÃ­tica Deliplus;20;Bazar y Varios;Otros bazar;Revisar;Revisar
ME-1134;Crema corporal Esferas Vit. E&A Deliplus;31;Bazar y Varios;Otros bazar;Revisar;Revisar
ME-1121;Crema corporal Nivea;40;Bazar y Varios;Otros bazar;Revisar;Revisar
ME-1136;Crema corporal Olive Deliplus;18;Bazar y Varios;Otros bazar;Revisar;Revisar
ME-3661;Crema de avellanas y cacao Hacendado;245;Bazar y Varios;Otros bazar;Revisar;Revisar
ME-3506;Crema de calabacÃ­n Hacendado;10;Bazar y Varios;Otros bazar;Revisar;Revisar
ME-3502;Crema de calabaza Hacendado;10;Bazar y Varios;Otros bazar;Revisar;Revisar
ME-3499;Crema de espÃ¡rragos Hacendado;17;Bazar y Varios;Otros bazar;Revisar;Revisar
ME-1144;Crema de manos anti-manchas Deliplus FPS 20;13;Bazar y Varios;Otros bazar;Revisar;Revisar
ME-1140;Crema de manos flor de JapÃ³n Deliplus Hidrata & Perfuma;10;Bazar y Varios;Otros bazar;Revisar;Revisar
ME-1145;Crema de manos intensiva Dove;20;Bazar y Varios;Otros bazar;Revisar;Revisar
ME-1146;Crema de manos nutritiva KaritÃ© Deliplus;13;Bazar y Varios;Otros bazar;Revisar;Revisar
ME-1147;Crema de manos Oriental Woods Deliplus;30;Bazar y Varios;Otros bazar;Revisar;Revisar
ME-1142;Crema de manos reparadora Deliplus;13;Bazar y Varios;Otros bazar;Revisar;Revisar
ME-2226;Crema de soja Hacendado;11;Bazar y Varios;Otros bazar;Revisar;Revisar
ME-3500;Crema de verduras Hacendado;17;Bazar y Varios;Otros bazar;Revisar;Revisar
ME-1481;Crema depilatoria facial Deliplus piel sensible;23;Bazar y Varios;Otros bazar;Revisar;Revisar
ME-1475;Crema depilatoria hombre Deliplus piel normal;265;Bazar y Varios;Otros bazar;Revisar;Revisar
ME-1476;Crema depilatoria mujer para el cuerpo Deliplus piel sensible;265;Bazar y Varios;Otros bazar;Revisar;Revisar
ME-1148;Crema para pies 10% urea pura Deliplus;12;Bazar y Varios;Otros bazar;Revisar;Revisar
ME-2250;Crema protecciÃ³n solar Deliplus FPS 50+;40;Bazar y Varios;Otros bazar;Revisar;Revisar
ME-2252;Crema protecciÃ³n solar facial Deliplus FPS 50+;60;Bazar y Varios;Otros bazar;Revisar;Revisar
ME-1630;Cuajada Hacendado;125;Bazar y Varios;Otros bazar;Revisar;Revisar
ME-4510;Cubo con ruedas 13L Bosque Verde;36;Bazar y Varios;Otros bazar;Revisar;Revisar
ME-4507;Cubo de basura mediano 30L Bosque Verde 30,2 x 30,5 x 41,9 cm;83;Bazar y Varios;Otros bazar;Revisar;Revisar
ME-4508;Cubo de basura pequeÃ±o 10L Bosque Verde 24,1 x 25 x 24,7 cm;725;Bazar y Varios;Otros bazar;Revisar;Revisar
ME-3469;Cubos de hielo;575;Bazar y Varios;Otros bazar;Revisar;Revisar
ME-4455;Cucharas de plÃ¡stico Bosque Verde reutilizables;155;Bazar y Varios;Otros bazar;Revisar;Revisar
ME-4456;Cucharas postre de plÃ¡stico Bosque Verde reutilizables;145;Bazar y Varios;Otros bazar;Revisar;Revisar
ME-1492;Cuchillas para perfilar cejas y vello facial Deliplus;28;Bazar y Varios;Otros bazar;Revisar;Revisar
ME-4458;Cuchillos de plÃ¡stico Bosque Verde reutilizables;155;Bazar y Varios;Otros bazar;Revisar;Revisar
ME-1095;Cuquis Hacendado;75;Bazar y Varios;Otros bazar;Revisar;Revisar
ME-2178;CÃºrcuma Hacendado;13;Bazar y Varios;Otros bazar;Revisar;Revisar
ME-2173;Curry Hacendado;11;Bazar y Varios;Otros bazar;Revisar;Revisar
ME-1430;DÃ¡tiles desecados sin hueso Hacendado;18;Bazar y Varios;Otros bazar;Revisar;Revisar
ME-1428;DÃ¡tiles en rama Hacendado;345;Bazar y Varios;Otros bazar;Revisar;Revisar
ME-1429;DÃ¡tiles Medjoul con hueso Hacendado;41;Bazar y Varios;Otros bazar;Revisar;Revisar
ME-0218;Delicias del mar de surimi Hacendado;20;Bazar y Varios;Otros bazar;Revisar;Revisar
ME-1544;Delicias elaboradas con jamÃ³n ibÃ©rico Legado IbÃ©rico;185;Bazar y Varios;Otros bazar;Revisar;Revisar
ME-3298;Delineador de ojos Deliplus;375;Bazar y Varios;Otros bazar;Revisar;Revisar
ME-3300;Delineador de ojos Deliplus negro;375;Bazar y Varios;Otros bazar;Revisar;Revisar
ME-0844;DentÃ­frico 3 action Deliplus;11;Bazar y Varios;Otros bazar;Revisar;Revisar
ME-0845;DentÃ­frico Anticaries Deliplus;105;Bazar y Varios;Otros bazar;Revisar;Revisar
ME-0835;DentÃ­frico Bicarbonato blanqueador Deliplus;11;Bazar y Varios;Otros bazar;Revisar;Revisar
ME-0833;DentÃ­frico Blanqueador Bicarbonato Signal;185;Bazar y Varios;Otros bazar;Revisar;Revisar
ME-0843;DentÃ­frico Dental Pearl Deliplus blanqueador;195;Bazar y Varios;Otros bazar;Revisar;Revisar
ME-0842;DentÃ­frico EncÃ­as Protect Deliplus;17;Bazar y Varios;Otros bazar;Revisar;Revisar
ME-0840;DentÃ­frico Fresh Gel Deliplus menta extra refrescante;11;Bazar y Varios;Otros bazar;Revisar;Revisar
ME-0852;DentÃ­frico gel Blanqueador Xtrem Deliplus;17;Bazar y Varios;Otros bazar;Revisar;Revisar
ME-0841;DentÃ­frico Herbal Deliplus;11;Bazar y Varios;Otros bazar;Revisar;Revisar
ME-0846;DentÃ­frico infantil + 2 aÃ±os Deliplus;10;Bazar y Varios;Otros bazar;Revisar;Revisar
ME-0848;DentÃ­frico infantil +6 aÃ±os Deliplus menta suave;10;Bazar y Varios;Otros bazar;Revisar;Revisar
ME-0849;DentÃ­frico infantil +6 aÃ±os Deliplus sabor gominola;10;Bazar y Varios;Otros bazar;Revisar;Revisar
ME-0831;DentÃ­frico Pro-Expert Oral-B sabor menta especiada;285;Bazar y Varios;Otros bazar;Revisar;Revisar
ME-0834;DentÃ­frico ProtecciÃ³n Caries Colgate;195;Bazar y Varios;Otros bazar;Revisar;Revisar
ME-0836;DentÃ­frico Repair & Protect Sensodyne;495;Bazar y Varios;Otros bazar;Revisar;Revisar
ME-0850;DentÃ­frico reparaciÃ³n activa de encÃ­as Parodontax menta fresca;495;Bazar y Varios;Otros bazar;Revisar;Revisar
ME-0847;DentÃ­frico Sensitive Deliplus con hidroxiapatita;15;Bazar y Varios;Otros bazar;Revisar;Revisar
ME-0853;DentÃ­frico Total Expert Deliplus con paraprobiÃ³tico;19;Bazar y Varios;Otros bazar;Revisar;Revisar
ME-4306;Desatascador de TuberÃ­as Bosque Verde en gel;185;Bazar y Varios;Otros bazar;Revisar;Revisar
ME-4307;Desatascador Turbo Bosque Verde en gel;17;Bazar y Varios;Otros bazar;Revisar;Revisar
ME-0634;Desmaquillador de ojos y labios bifÃ¡sico Waterproof Facial Clean;20;Bazar y Varios;Otros bazar;Revisar;Revisar
ME-4390;Difusor insecticida antimosquitos Bosque Verde elÃ©ctrico;31;Bazar y Varios;Otros bazar;Revisar;Revisar
ME-4407;Difusor multifragancia elÃ©ctrico Bosque Verde;32;Bazar y Varios;Otros bazar;Revisar;Revisar
ME-0631;Discos desmaquillantes Deliplus ovalados algodÃ³n 100%;15;Bazar y Varios;Otros bazar;Revisar;Revisar
ME-0628;Discos desmaquillantes Deliplus redondos algodÃ³n 100%;105;Bazar y Varios;Otros bazar;Revisar;Revisar
ME-4195;Disuelve manchas Bosque Verde;19;Bazar y Varios;Otros bazar;Revisar;Revisar
ME-3466;Doble caldo sabor clÃ¡sico carne Knorr en pastillas;175;Bazar y Varios;Otros bazar;Revisar;Revisar
ME-0175;Dorada abierta a la espalda;64;Bazar y Varios;Otros bazar;Revisar;Revisar
ME-0174;Dorada limpia;60;Bazar y Varios;Otros bazar;Revisar;Revisar
ME-3362;Dulce de membrillo Hacendado 0% azÃºcares aÃ±adidos;24;Bazar y Varios;Otros bazar;Revisar;Revisar
ME-3365;Dulce de membrillo taco Hacendado;21;Bazar y Varios;Otros bazar;Revisar;Revisar
ME-2064;Eau de parfum hombre Borealia Shine;110;Bazar y Varios;Otros bazar;Revisar;Revisar
ME-2077;Eau de parfum hombre Como tÃº Audaz;80;Bazar y Varios;Otros bazar;Revisar;Revisar
ME-2069;Eau de parfum hombre Como TÃº Enciende;70;Bazar y Varios;Otros bazar;Revisar;Revisar
ME-2073;Eau de parfum hombre Como tÃº Eternal;80;Bazar y Varios;Otros bazar;Revisar;Revisar
ME-2062;Eau de parfum hombre Como TÃº Extratime A Day;80;Bazar y Varios;Otros bazar;Revisar;Revisar
ME-2070;Eau de parfum hombre Como TÃº Extratime Likes;80;Bazar y Varios;Otros bazar;Revisar;Revisar
ME-2053;Eau de parfum hombre Como TÃº Fuerza;70;Bazar y Varios;Otros bazar;Revisar;Revisar
ME-2075;Eau de parfum hombre Como tÃº Labuan;80;Bazar y Varios;Otros bazar;Revisar;Revisar
ME-2068;Eau de parfum hombre Como TÃº Rebel;80;Bazar y Varios;Otros bazar;Revisar;Revisar
ME-2054;Eau de parfum hombre Como TÃº Viento;70;Bazar y Varios;Otros bazar;Revisar;Revisar
ME-2057;Eau de parfum hombre Ãl;100;Bazar y Varios;Otros bazar;Revisar;Revisar
ME-2061;Eau de parfum hombre My Soul;95;Bazar y Varios;Otros bazar;Revisar;Revisar
ME-2065;Eau de parfum hombre My Soul Enchanted;95;Bazar y Varios;Otros bazar;Revisar;Revisar
ME-2066;Eau de parfum hombre My Soul Glacier;120;Bazar y Varios;Otros bazar;Revisar;Revisar
ME-2076;Eau de parfum hombre My Soul Quartz;150;Bazar y Varios;Otros bazar;Revisar;Revisar
ME-2067;Eau de parfum hombre My Soul SoirÃ©e;95;Bazar y Varios;Otros bazar;Revisar;Revisar
ME-2063;Eau de parfum hombre My Soul Supreme;110;Bazar y Varios;Otros bazar;Revisar;Revisar
ME-2072;Eau de parfum hombre My Soul Vert;95;Bazar y Varios;Otros bazar;Revisar;Revisar
ME-2004;Eau de parfum mujer Blue Shine;110;Bazar y Varios;Otros bazar;Revisar;Revisar
ME-2015;Eau de parfum mujer Boem Shine;95;Bazar y Varios;Otros bazar;Revisar;Revisar
ME-1999;Eau de parfum mujer Como TÃº Amor;70;Bazar y Varios;Otros bazar;Revisar;Revisar
ME-2020;Eau de parfum mujer Como TÃº AtracciÃ³n;80;Bazar y Varios;Otros bazar;Revisar;Revisar
ME-2026;Eau de parfum mujer Como tÃº Cerise;80;Bazar y Varios;Otros bazar;Revisar;Revisar
ME-2019;Eau de parfum mujer Como TÃº Enciende;70;Bazar y Varios;Otros bazar;Revisar;Revisar
ME-2005;Eau de parfum mujer Como TÃº Extratime A Day;80;Bazar y Varios;Otros bazar;Revisar;Revisar
ME-2018;Eau de parfum mujer Como TÃº Extratime Likes;80;Bazar y Varios;Otros bazar;Revisar;Revisar
ME-2017;Eau de parfum mujer Como TÃº Gold;80;Bazar y Varios;Otros bazar;Revisar;Revisar
ME-2038;Eau de parfum mujer Como TÃº Sakai;80;Bazar y Varios;Otros bazar;Revisar;Revisar
ME-2029;Eau de parfum mujer Como TÃº Santal;80;Bazar y Varios;Otros bazar;Revisar;Revisar
ME-2016;Eau de parfum mujer Como TÃº SinfonÃ­a;80;Bazar y Varios;Otros bazar;Revisar;Revisar
ME-2021;Eau de parfum mujer Como TÃº Soplo Intense;80;Bazar y Varios;Otros bazar;Revisar;Revisar
ME-2024;Eau de parfum mujer Como TÃº The Rose;80;Bazar y Varios;Otros bazar;Revisar;Revisar
ME-2008;Eau de parfum mujer Cosmic Shine;95;Bazar y Varios;Otros bazar;Revisar;Revisar
ME-2010;Eau de parfum mujer Ãclant Shine;120;Bazar y Varios;Otros bazar;Revisar;Revisar
ME-1997;Eau de parfum mujer ElecciÃ³n;90;Bazar y Varios;Otros bazar;Revisar;Revisar
ME-2022;Eau de parfum mujer Ella;100;Bazar y Varios;Otros bazar;Revisar;Revisar
ME-2039;Eau de parfum mujer My Soul Celestial Night;110;Bazar y Varios;Otros bazar;Revisar;Revisar
ME-2037;Eau de parfum mujer My Soul Crystal;110;Bazar y Varios;Otros bazar;Revisar;Revisar
ME-2009;Eau de parfum mujer My Soul Enchanted;120;Bazar y Varios;Otros bazar;Revisar;Revisar
ME-2025;Eau de parfum mujer My Soul Rouge;95;Bazar y Varios;Otros bazar;Revisar;Revisar
ME-2006;Eau de parfum mujer My Soul Supreme;110;Bazar y Varios;Otros bazar;Revisar;Revisar
ME-1996;Eau de parfum mujer Rose Nude;90;Bazar y Varios;Otros bazar;Revisar;Revisar
ME-2027;Eau de parfum mujer Shine Special;120;Bazar y Varios;Otros bazar;Revisar;Revisar
ME-2014;Eau de parfum mujer SoirÃ©e My Soul;120;Bazar y Varios;Otros bazar;Revisar;Revisar
ME-2007;Eau de parfum mujer Verissime Bright;110;Bazar y Varios;Otros bazar;Revisar;Revisar
ME-2051;Eau de toilette hombre 9.60 Sport water;39;Bazar y Varios;Otros bazar;Revisar;Revisar
ME-2052;Eau de toilette hombre 9.60 Sport water acciÃ³n;39;Bazar y Varios;Otros bazar;Revisar;Revisar
ME-2074;Eau de toilette hombre CapÃ­tulo Amaderado;65;Bazar y Varios;Otros bazar;Revisar;Revisar
ME-2060;Eau de toilette hombre CapÃ­tulo Marino;65;Bazar y Varios;Otros bazar;Revisar;Revisar
ME-2055;Eau de toilette hombre Gesto;55;Bazar y Varios;Otros bazar;Revisar;Revisar
ME-2056;Eau de toilette hombre Ikiru;80;Bazar y Varios;Otros bazar;Revisar;Revisar
ME-2059;Eau de toilette hombre Misty Wood Bosque mÃ­stico;38;Bazar y Varios;Otros bazar;Revisar;Revisar
ME-2058;Eau de toilette hombre Misty Wood Esencia vital;38;Bazar y Varios;Otros bazar;Revisar;Revisar
ME-2088;Eau de toilette infantil Disney Minnie Mouse;40;Bazar y Varios;Otros bazar;Revisar;Revisar
ME-2089;Eau de toilette infantil Marvel Spiderman;40;Bazar y Varios;Otros bazar;Revisar;Revisar
ME-2023;Eau de toilette mujer 9.60 Bloom Sport water;39;Bazar y Varios;Otros bazar;Revisar;Revisar
ME-1998;Eau de toilette mujer 9.60 Sport water;39;Bazar y Varios;Otros bazar;Revisar;Revisar
ME-2013;Eau de toilette mujer CapÃ­tulo Chypre;65;Bazar y Varios;Otros bazar;Revisar;Revisar
ME-2003;Eau de toilette mujer CapÃ­tulo Floral;65;Bazar y Varios;Otros bazar;Revisar;Revisar
ME-2000;Eau de toilette mujer Ikiru;80;Bazar y Varios;Otros bazar;Revisar;Revisar
ME-2030;Eau de toilette mujer Monogotas banana;20;Bazar y Varios;Otros bazar;Revisar;Revisar
ME-2011;Eau de toilette mujer Monogotas coco;40;Bazar y Varios;Otros bazar;Revisar;Revisar
ME-2012;Eau de toilette mujer Monogotas vainilla;40;Bazar y Varios;Otros bazar;Revisar;Revisar
ME-2002;Eau de toilette mujer Soplo;70;Bazar y Varios;Otros bazar;Revisar;Revisar
ME-2001;Eau de toilette mujer Vuela;38;Bazar y Varios;Otros bazar;Revisar;Revisar
ME-4192;Eliminador de olores tejidos Bosque Verde;17;Bazar y Varios;Otros bazar;Revisar;Revisar
ME-4314;Eliminador de turbidez lÃ­quido Bosque Verde para piscina;140;Bazar y Varios;Otros bazar;Revisar;Revisar
ME-4489;Encendedor cocina largo Clipper;26;Bazar y Varios;Otros bazar;Revisar;Revisar
ME-2120;Eneldo Hacendado;185;Bazar y Varios;Otros bazar;Revisar;Revisar
ME-0878;Enjuague bucal Blanqueador Bicarbonato Deliplus zero alcohol;15;Bazar y Varios;Otros bazar;Revisar;Revisar
ME-0884;Enjuague bucal cuidado total Listerine menta;54;Bazar y Varios;Otros bazar;Revisar;Revisar
ME-0882;Enjuague bucal dientes y encÃ­as Listerine menta;54;Bazar y Varios;Otros bazar;Revisar;Revisar
ME-0877;Enjuague bucal Explosion Action Deliplus;135;Bazar y Varios;Otros bazar;Revisar;Revisar
ME-0875;Enjuague bucal Fresh 0% alcohol Deliplus;135;Bazar y Varios;Otros bazar;Revisar;Revisar
ME-0886;Enjuague bucal Kids Deliplus zero alcohol;14;Bazar y Varios;Otros bazar;Revisar;Revisar
ME-0891;Enjuague bucal Sensitive & EncÃ­as Deliplus zero alcohol;19;Bazar y Varios;Otros bazar;Revisar;Revisar
ME-0874;Enjuague bucal Total Action Deliplus;135;Bazar y Varios;Otros bazar;Revisar;Revisar
ME-0994;Ensaimada;10;Bazar y Varios;Otros bazar;Revisar;Revisar
ME-1165;Ensaimadas Hacendado;17;Bazar y Varios;Otros bazar;Revisar;Revisar
ME-0518;Entrecot de vacuno aÃ±ojo;663;Bazar y Varios;Otros bazar;Revisar;Revisar
ME-0906;Envase rellenable Deliplus tamaÃ±o viaje;9;Bazar y Varios;Otros bazar;Revisar;Revisar
ME-4499;Escoba para exteriores Bosque Verde;26;Bazar y Varios;Otros bazar;Revisar;Revisar
ME-4494;Escoba para interiores Bosque Verde;18;Bazar y Varios;Otros bazar;Revisar;Revisar
ME-4498;Escoba PequeÃ±a Bosque Verde;17;Bazar y Varios;Otros bazar;Revisar;Revisar
ME-4515;Escobilla para WC Bosque Verde;295;Bazar y Varios;Otros bazar;Revisar;Revisar
ME-4511;Escurridor para cubo ovalado Bosque Verde escurrebien;26;Bazar y Varios;Otros bazar;Revisar;Revisar
ME-0152;EspÃ¡rragos verdes finos;265;Bazar y Varios;Otros bazar;Revisar;Revisar
ME-0158;EspÃ¡rragos verdes gruesos;39;Bazar y Varios;Otros bazar;Revisar;Revisar
ME-1188;Espiral al cacao Hacendado;37;Bazar y Varios;Otros bazar;Revisar;Revisar
ME-4077;Esponja anatÃ³mica para bebÃ©s Deliplus;10;Bazar y Varios;Otros bazar;Revisar;Revisar
ME-0935;Esponja de baÃ±o doble acciÃ³n suave masaje Deliplus;13;Bazar y Varios;Otros bazar;Revisar;Revisar
ME-0934;Esponja de baÃ±o flor Deliplus exfoliaciÃ³n suave;85;Bazar y Varios;Otros bazar;Revisar;Revisar
ME-0941;Esponja de baÃ±o infantil Disney;19;Bazar y Varios;Otros bazar;Revisar;Revisar
ME-0938;Esponja de baÃ±o rizo suave Deliplus;13;Bazar y Varios;Otros bazar;Revisar;Revisar
ME-0936;Esponja de baÃ±o suave Deliplus;13;Bazar y Varios;Otros bazar;Revisar;Revisar
ME-0937;Esponja de baÃ±o vegetal fibras naturales Deliplus;14;Bazar y Varios;Otros bazar;Revisar;Revisar
ME-4523;Esponja de calzado incoloro brillo y protecciÃ³n Yak;175;Bazar y Varios;Otros bazar;Revisar;Revisar
ME-3946;Esponja maquillaje Deliplus;30;Bazar y Varios;Otros bazar;Revisar;Revisar
ME-0933;Esponjas de baÃ±o con jabÃ³n Deliplus;12;Bazar y Varios;Otros bazar;Revisar;Revisar
ME-2666;Espuma cabello Ondas Curly Deliplus fijaciÃ³n 3;19;Bazar y Varios;Otros bazar;Revisar;Revisar
ME-2665;Espuma cabello Rizos Descarados Giorgi fijaciÃ³n 4;325;Bazar y Varios;Otros bazar;Revisar;Revisar
ME-1588;Espuma de afeitar Sensitive Deliplus manteca de cacao;135;Bazar y Varios;Otros bazar;Revisar;Revisar
ME-1871;Fabada asturiana Litoral;235;Bazar y Varios;Otros bazar;Revisar;Revisar
ME-1867;Fabada Hacendado;15;Bazar y Varios;Otros bazar;Revisar;Revisar
ME-2720;Fideo cabello de Ã¡ngel Hacendado;8;Bazar y Varios;Otros bazar;Revisar;Revisar
ME-2722;Fideo grueso Hacendado;8;Bazar y Varios;Otros bazar;Revisar;Revisar
ME-2725;Fideo mediano Hacendado;8;Bazar y Varios;Otros bazar;Revisar;Revisar
ME-1857;Fideos orientales Yakisoba classic Gallina Blanca;195;Bazar y Varios;Otros bazar;Revisar;Revisar
ME-1860;Fideos orientales Yakisoba sabor soja Hacendado;11;Bazar y Varios;Otros bazar;Revisar;Revisar
ME-2721;FideuÃ¡ Hacendado;8;Bazar y Varios;Otros bazar;Revisar;Revisar
ME-0176;Filetes de dorada;46;Bazar y Varios;Otros bazar;Revisar;Revisar
ME-0255;Filetes de trucha Arco iris;36;Bazar y Varios;Otros bazar;Revisar;Revisar
ME-0521;Filetes de vacuno aÃ±ojo para plancha;798;Bazar y Varios;Otros bazar;Revisar;Revisar
ME-0516;Filetes de vacuno marinado extra tiernos;885;Bazar y Varios;Otros bazar;Revisar;Revisar
ME-0514;Filetes hÃ­gado de vacuno;52;Bazar y Varios;Otros bazar;Revisar;Revisar
ME-0165;Floretas de brÃ³coli para microondas lavadas;17;Bazar y Varios;Otros bazar;Revisar;Revisar
ME-0443;Foie gras de pato fresco;115;Bazar y Varios;Otros bazar;Revisar;Revisar
ME-2779;Foie gras entero de pato Hacendado;83;Bazar y Varios;Otros bazar;Revisar;Revisar
ME-4487;FÃ³sforos de madera largos Tres Estrellas;125;Bazar y Varios;Otros bazar;Revisar;Revisar
ME-2031;Fragancia Mist Amatista Glow Deliplus;40;Bazar y Varios;Otros bazar;Revisar;Revisar
ME-2033;Fragancia Mist Pistacho Cream Deliplus;40;Bazar y Varios;Otros bazar;Revisar;Revisar
ME-2032;Fragancia Mist Vainilla Sunset Deliplus;40;Bazar y Varios;Otros bazar;Revisar;Revisar
ME-0126;FresÃ³n;334;Bazar y Varios;Otros bazar;Revisar;Revisar
ME-4279;Friegasuelos Classic Bosque Verde concentrado;16;Bazar y Varios;Otros bazar;Revisar;Revisar
ME-4281;Friegasuelos Floral Bosque Verde lÃ­quido;95;Bazar y Varios;Otros bazar;Revisar;Revisar
ME-4283;Friegasuelos Insecticida Krisul lÃ­quido;235;Bazar y Varios;Otros bazar;Revisar;Revisar
ME-4280;Friegasuelos PÃ©talos Bosque Verde concentrado;16;Bazar y Varios;Otros bazar;Revisar;Revisar
ME-4277;Friegasuelos Pino Bosque Verde lÃ­quido;95;Bazar y Varios;Otros bazar;Revisar;Revisar
ME-4278;Friegasuelos Spa Bosque Verde lÃ­quido;95;Bazar y Varios;Otros bazar;Revisar;Revisar
ME-4282;Friegasuelos Tropical Bosque Verde lÃ­quido;95;Bazar y Varios;Otros bazar;Revisar;Revisar
ME-3180;Fritada pisto Hacendado;13;Bazar y Varios;Otros bazar;Revisar;Revisar
ME-1706;Fuet espetec Hacendado;257;Bazar y Varios;Otros bazar;Revisar;Revisar
ME-1541;Galantina con pistacho y trufa Hacendado finas lonchas;185;Bazar y Varios;Otros bazar;Revisar;Revisar
ME-1018;Gallina;261;Bazar y Varios;Otros bazar;Revisar;Revisar
ME-4501;Gamuzas atrapa polvo Bosque Verde;18;Bazar y Varios;Otros bazar;Revisar;Revisar
ME-3994;Gasas esterilizadas de algodÃ³n 100% hidrÃ³filo Deliplus;12;Bazar y Varios;Otros bazar;Revisar;Revisar
ME-4076;Gasas para bebÃ© no tejidas Deliplus;197;Bazar y Varios;Otros bazar;Revisar;Revisar
ME-3559;Gaseosa Hacendado grande;55;Bazar y Varios;Otros bazar;Revisar;Revisar
ME-3560;Gaseosa Hacendado pequeÃ±a;204;Bazar y Varios;Otros bazar;Revisar;Revisar
ME-3562;Gaseosa La Casera grande;255;Bazar y Varios;Otros bazar;Revisar;Revisar
ME-2100;Gazpacho fresco Hacendado;285;Bazar y Varios;Otros bazar;Revisar;Revisar
ME-2096;Gazpacho tradicional Hacendado;22;Bazar y Varios;Otros bazar;Revisar;Revisar
ME-2680;Gel activador de rizos cabello Curl Perfect Deliplus fix 3;28;Bazar y Varios;Otros bazar;Revisar;Revisar
ME-1122;Gel corporal aloe vera Deliplus;41;Bazar y Varios;Otros bazar;Revisar;Revisar
ME-1128;Gel corporal aloe vera puro Atlantia;55;Bazar y Varios;Otros bazar;Revisar;Revisar
ME-4054;Gel corporal infantil Deliplus;18;Bazar y Varios;Otros bazar;Revisar;Revisar
ME-1586;Gel de afeitar Sensitive Deliplus;175;Bazar y Varios;Otros bazar;Revisar;Revisar
ME-0918;Gel de baÃ±o ambar y vetiver Deliplus piel normal;16;Bazar y Varios;Otros bazar;Revisar;Revisar
ME-0909;Gel de baÃ±o argÃ¡n Deliplus piel muy seca;15;Bazar y Varios;Otros bazar;Revisar;Revisar
ME-0904;Gel de baÃ±o avena Deliplus piel sensible;16;Bazar y Varios;Otros bazar;Revisar;Revisar
ME-0917;Gel de baÃ±o coco y lichi Deliplus piel normal;16;Bazar y Varios;Otros bazar;Revisar;Revisar
ME-0905;Gel de baÃ±o Dove 0% sulfato;395;Bazar y Varios;Otros bazar;Revisar;Revisar
ME-0901;Gel de baÃ±o frescor azul Deliplus piel normal;11;Bazar y Varios;Otros bazar;Revisar;Revisar
ME-0921;Gel de baÃ±o Frutal Deliplus piel normal;13;Bazar y Varios;Otros bazar;Revisar;Revisar
ME-0919;Gel de baÃ±o granada y frutos silvestres Deliplus piel normal;16;Bazar y Varios;Otros bazar;Revisar;Revisar
ME-0915;Gel de baÃ±o marino y cedro Deliplus piel normal;16;Bazar y Varios;Otros bazar;Revisar;Revisar
ME-0910;Gel de baÃ±o nutritivo Lactovit piel normal y seca;295;Bazar y Varios;Otros bazar;Revisar;Revisar
ME-0900;Gel de baÃ±o oliva Deliplus piel seca;16;Bazar y Varios;Otros bazar;Revisar;Revisar
ME-0920;Gel de baÃ±o tiernos recuerdos Deliplus piel normal;16;Bazar y Varios;Otros bazar;Revisar;Revisar
ME-1329;Gel de higiene Ã­ntima Deliplus;125;Bazar y Varios;Otros bazar;Revisar;Revisar
ME-0929;Gel de manos hidroalcohÃ³lico 80% alcohol Deliplus antisÃ©ptico sin aclarado;12;Bazar y Varios;Otros bazar;Revisar;Revisar
ME-0660;Gel facial Hidrata Deliplus Ã¡cido hialurÃ³nico;50;Bazar y Varios;Otros bazar;Revisar;Revisar
ME-0662;Gel facial sebo-regulador Deliplus Matifica;60;Bazar y Varios;Otros bazar;Revisar;Revisar
ME-2678;Gel fijador cabello control total Giorgi fijaciÃ³n 5;325;Bazar y Varios;Otros bazar;Revisar;Revisar
ME-2676;Gel fijador cabello X-trem Deliplus fijaciÃ³n 6;16;Bazar y Varios;Otros bazar;Revisar;Revisar
ME-0930;Gel hidroalcohÃ³lico 80% alcohol Deliplus antisÃ©ptico sin aclarado;39;Bazar y Varios;Otros bazar;Revisar;Revisar
ME-1480;Gel para depilar con cuchilla Deliplus piel sensible;26;Bazar y Varios;Otros bazar;Revisar;Revisar
ME-4056;Gel-champÃº bebÃ© para pieles atÃ³picas Deliplus;37;Bazar y Varios;Otros bazar;Revisar;Revisar
ME-0903;Gel-ChampÃº de baÃ±o 2 en 1 dermoprotector Deliplus para cuerpo y cabello;10;Bazar y Varios;Otros bazar;Revisar;Revisar
ME-1621;Gelatina 0% azÃºcar sabor cereza, cola y sandÃ­a Hacendado;10;Bazar y Varios;Otros bazar;Revisar;Revisar
ME-4137;Gelatina gato adulto selecciÃ³n de aves Quartett;19;Bazar y Varios;Otros bazar;Revisar;Revisar
ME-1449;Gelatina neutra en lÃ¡minas Foodsy;10;Bazar y Varios;Otros bazar;Revisar;Revisar
ME-1618;Gelatina sabor a frutos silvestres +ProteÃ­nas Hacendado 10 g proteÃ­nas 0% azÃºcar;155;Bazar y Varios;Otros bazar;Revisar;Revisar
ME-1171;Gofres clÃ¡sicos Hacendado;13;Bazar y Varios;Otros bazar;Revisar;Revisar
ME-3730;Grageas de regaliz Hacendado;145;Bazar y Varios;Otros bazar;Revisar;Revisar
ME-3416;Granizado de limÃ³n Hacendado;27;Bazar y Varios;Otros bazar;Revisar;Revisar
ME-4348;Guantes 100% nitrilo Bosque Verde talla grande;195;Bazar y Varios;Otros bazar;Revisar;Revisar
ME-4347;Guantes 100% nitrilo Bosque Verde talla mediana;195;Bazar y Varios;Otros bazar;Revisar;Revisar
ME-4346;Guantes 100% nitrilo Bosque Verde talla pequeÃ±a;195;Bazar y Varios;Otros bazar;Revisar;Revisar
ME-4343;Guantes de lÃ¡tex Bosque Verde talla grande;75;Bazar y Varios;Otros bazar;Revisar;Revisar
ME-4342;Guantes de lÃ¡tex Bosque Verde talla mediana;75;Bazar y Varios;Otros bazar;Revisar;Revisar
ME-4345;Guantes de lÃ¡tex Bosque Verde talla mediana-grande;30;Bazar y Varios;Otros bazar;Revisar;Revisar
ME-4341;Guantes de lÃ¡tex Bosque Verde talla pequeÃ±a;75;Bazar y Varios;Otros bazar;Revisar;Revisar
ME-4344;Guantes de lÃ¡tex Bosque Verde talla pequeÃ±a-mediana;30;Bazar y Varios;Otros bazar;Revisar;Revisar
ME-4351;Guantes de nitrilo Bosque Verde talla grande;285;Bazar y Varios;Otros bazar;Revisar;Revisar
ME-4350;Guantes de nitrilo Bosque Verde talla mediana;285;Bazar y Varios;Otros bazar;Revisar;Revisar
ME-4349;Guantes de nitrilo Bosque Verde talla pequeÃ±a;285;Bazar y Varios;Otros bazar;Revisar;Revisar
ME-1526;Guindillas picantes Hacendado;155;Bazar y Varios;Otros bazar;Revisar;Revisar
ME-3321;Guisantes extra Hacendado;95;Bazar y Varios;Otros bazar;Revisar;Revisar
ME-3337;Habas fritas PeÃ±a Torcal mini baby extra;35;Bazar y Varios;Otros bazar;Revisar;Revisar
ME-2730;HÃ©lices con vegetales Hacendado;16;Bazar y Varios;Otros bazar;Revisar;Revisar
ME-2739;HÃ©lices Hacendado;8;Bazar y Varios;Otros bazar;Revisar;Revisar
ME-2575;Hidrocrema Liss Frizz Control Deliplus cabello rebelde;275;Bazar y Varios;Otros bazar;Revisar;Revisar
ME-3471;Hielo cocktail;15;Bazar y Varios;Otros bazar;Revisar;Revisar
ME-2117;Hierbas provenzales Hacendado;12;Bazar y Varios;Otros bazar;Revisar;Revisar
ME-0883;Hilo dental con cera y sabor menta;18;Bazar y Varios;Otros bazar;Revisar;Revisar
ME-0537;Hogaza con semillas 12%;15;Bazar y Varios;Otros bazar;Revisar;Revisar
ME-0534;Hogaza de centeno 50%;17;Bazar y Varios;Otros bazar;Revisar;Revisar
ME-0568;Hogaza de centeno 50% rebanado;17;Bazar y Varios;Otros bazar;Revisar;Revisar
ME-0709;Hogaza sin gluten;296;Bazar y Varios;Otros bazar;Revisar;Revisar
ME-2116;Hoja de laurel Hacendado;85;Bazar y Varios;Otros bazar;Revisar;Revisar
ME-1192;Hojaldre cabello de Ãngel Hacendado;58;Bazar y Varios;Otros bazar;Revisar;Revisar
ME-1197;Hojaldre relleno de crema de cacao Hacendado;29;Bazar y Varios;Otros bazar;Revisar;Revisar
ME-1196;Hojaldre relleno de crema Hacendado sin azÃºcar aÃ±adido;46;Bazar y Varios;Otros bazar;Revisar;Revisar
ME-1960;Horchata de chufa Hacendado;135;Bazar y Varios;Otros bazar;Revisar;Revisar
ME-1011;Hueso garrÃ³n;116;Bazar y Varios;Otros bazar;Revisar;Revisar
ME-1021;Hueso vacuno;341;Bazar y Varios;Otros bazar;Revisar;Revisar
ME-3035;Iluminador facial fluido Highlighter Deliplus 01 champagne;50;Bazar y Varios;Otros bazar;Revisar;Revisar
ME-4316;Incrementador de pH para piscina;70;Bazar y Varios;Otros bazar;Revisar;Revisar
ME-3276;InfusiÃ³n Cola de caballo Hacendado;12;Bazar y Varios;Otros bazar;Revisar;Revisar
ME-3283;InfusiÃ³n Digest Hacendado;105;Bazar y Varios;Otros bazar;Revisar;Revisar
ME-3281;InfusiÃ³n Dormir Hacendado;105;Bazar y Varios;Otros bazar;Revisar;Revisar
ME-3284;InfusiÃ³n frutos rojos Hacendado;14;Bazar y Varios;Otros bazar;Revisar;Revisar
ME-3290;InfusiÃ³n Hinojo Hacendado;105;Bazar y Varios;Otros bazar;Revisar;Revisar
ME-3279;InfusiÃ³n Laxsen sabor menta Hacendado;105;Bazar y Varios;Otros bazar;Revisar;Revisar
ME-3277;InfusiÃ³n Manzanilla con anÃ­s Hacendado;85;Bazar y Varios;Otros bazar;Revisar;Revisar
ME-3273;InfusiÃ³n Manzanilla Hacendado;65;Bazar y Varios;Otros bazar;Revisar;Revisar
ME-3274;InfusiÃ³n Menta Poleo Hacendado;75;Bazar y Varios;Otros bazar;Revisar;Revisar
ME-3289;InfusiÃ³n quema grasas Hacendado;105;Bazar y Varios;Otros bazar;Revisar;Revisar
ME-3278;InfusiÃ³n Relax Hacendado;105;Bazar y Varios;Otros bazar;Revisar;Revisar
ME-3285;InfusiÃ³n Respir Hacendado;14;Bazar y Varios;Otros bazar;Revisar;Revisar
ME-3282;InfusiÃ³n Rooibos cÃ­tricos Hacendado;115;Bazar y Varios;Otros bazar;Revisar;Revisar
ME-3275;InfusiÃ³n Tila Hacendado;85;Bazar y Varios;Otros bazar;Revisar;Revisar
ME-3280;InfusiÃ³n Tomillo Hacendado;105;Bazar y Varios;Otros bazar;Revisar;Revisar
ME-4388;Insecticida Ã¡caros Bosque Verde especial tejidos;33;Bazar y Varios;Otros bazar;Revisar;Revisar
ME-4391;Insecticida antimosquitos elÃ©ctrico recambio lÃ­quido;19;Bazar y Varios;Otros bazar;Revisar;Revisar
ME-4386;Insecticida cucarachas y hormigas Bosque Verde;27;Bazar y Varios;Otros bazar;Revisar;Revisar
ME-4387;Insecticida lÃ­quido Bosque Verde;275;Bazar y Varios;Otros bazar;Revisar;Revisar
ME-4384;Insecticida moscas y mosquitos Bosque Verde perfumado;235;Bazar y Varios;Otros bazar;Revisar;Revisar
ME-4385;Insecticida moscas y mosquitos Bosque Verde sin perfume;235;Bazar y Varios;Otros bazar;Revisar;Revisar
ME-2523;Instant conditioner Protect Triple Action Deliplus preventivo y sin aclarado;23;Bazar y Varios;Otros bazar;Revisar;Revisar
ME-4194;JabÃ³n blando 100% natural BeltrÃ¡n quitamanchas;29;Bazar y Varios;Otros bazar;Revisar;Revisar
ME-0926;JabÃ³n de manos avena Deliplus lÃ­quido;14;Bazar y Varios;Otros bazar;Revisar;Revisar
ME-0925;JabÃ³n de manos dermoprotector Deliplus;9;Bazar y Varios;Otros bazar;Revisar;Revisar
ME-0922;JabÃ³n de manos en pastilla Beauty Cream Bar Dove;35;Bazar y Varios;Otros bazar;Revisar;Revisar
ME-0924;JabÃ³n de manos en pastilla glicerina 100% natural Deliplus;11;Bazar y Varios;Otros bazar;Revisar;Revisar
ME-0927;JabÃ³n de manos kids Deliplus lÃ­quido;14;Bazar y Varios;Otros bazar;Revisar;Revisar
ME-0932;JabÃ³n de manos neutraliza olores Deliplus;18;Bazar y Varios;Otros bazar;Revisar;Revisar
ME-0928;JabÃ³n de manos tiernos recuerdos Deliplus;14;Bazar y Varios;Otros bazar;Revisar;Revisar
ME-4191;JabÃ³n Natural con glicerina Bosque Verde;185;Bazar y Varios;Otros bazar;Revisar;Revisar
ME-1567;JamÃ³n bellota ibÃ©rico 100% cortado a tapas;1512;Bazar y Varios;Otros bazar;Revisar;Revisar
ME-1566;JamÃ³n bellota ibÃ©rico cortado a tapas;1287;Bazar y Varios;Otros bazar;Revisar;Revisar
ME-1563;JamÃ³n cebo ibÃ©rico cortado a mÃ¡quina;1026;Bazar y Varios;Otros bazar;Revisar;Revisar
ME-1565;JamÃ³n cebo ibÃ©rico cortado a tapas;711;Bazar y Varios;Otros bazar;Revisar;Revisar
ME-1360;JamÃ³n cocido braseado Noel lonchas;225;Bazar y Varios;Otros bazar;Revisar;Revisar
ME-1366;JamÃ³n cocido extra 50% raza ibÃ©rica Noel lonchas;285;Bazar y Varios;Otros bazar;Revisar;Revisar
ME-1361;JamÃ³n cocido extra cortado a mano Noel sabor ahumado;335;Bazar y Varios;Otros bazar;Revisar;Revisar
ME-1353;JamÃ³n cocido extra Hacendado finas lonchas;345;Bazar y Varios;Otros bazar;Revisar;Revisar
ME-1358;JamÃ³n cocido extra Noel lonchas;225;Bazar y Varios;Otros bazar;Revisar;Revisar
ME-1367;JamÃ³n cocido extrafino Hacendado lonchas;25;Bazar y Varios;Otros bazar;Revisar;Revisar
ME-1355;JamÃ³n cocido Hacendado lonchas;225;Bazar y Varios;Otros bazar;Revisar;Revisar
ME-1359;JamÃ³n cocido jugoso Hacendado;18;Bazar y Varios;Otros bazar;Revisar;Revisar
ME-1356;JamÃ³n cocido sÃ¡ndwich Hacendado lonchas;195;Bazar y Varios;Otros bazar;Revisar;Revisar
ME-1582;JamÃ³n de bellota ibÃ©rico 100% Campo Extremadura;4760;Bazar y Varios;Otros bazar;Revisar;Revisar
ME-1583;JamÃ³n de bellota ibÃ©rico 50% La Hacienda del IbÃ©rico;4140;Bazar y Varios;Otros bazar;Revisar;Revisar
ME-1581;JamÃ³n de cebo ibÃ©rico 50% La Hacienda del IbÃ©rico;1530;Bazar y Varios;Otros bazar;Revisar;Revisar
ME-1568;JamÃ³n de cebo ibÃ©rico 50% raza ibÃ©rica La Hacienda del IbÃ©rico;49;Bazar y Varios;Otros bazar;Revisar;Revisar
ME-1571;JamÃ³n de TrevÃ©lez lonchas extra finas Antonio Ãlvarez;37;Bazar y Varios;Otros bazar;Revisar;Revisar
ME-1562;JamÃ³n serrano cortado a mÃ¡quina;475;Bazar y Varios;Otros bazar;Revisar;Revisar
ME-1578;JamÃ³n serrano gran reserva Costa Brava sin aditivos lonchas;23;Bazar y Varios;Otros bazar;Revisar;Revisar
ME-1580;JamÃ³n serrano Incarlopsa;650;Bazar y Varios;Otros bazar;Revisar;Revisar
ME-1559;JamÃ³n serrano Incarlopsa lonchas extrafinas;245;Bazar y Varios;Otros bazar;Revisar;Revisar
ME-1561;JamÃ³n serrano lonchas Incarlopsa;41;Bazar y Varios;Otros bazar;Revisar;Revisar
ME-1569;JamÃ³n serrano medias lonchas Jamcal;41;Bazar y Varios;Otros bazar;Revisar;Revisar
ME-1564;JamÃ³n serrano reserva cortado a tapas;36;Bazar y Varios;Otros bazar;Revisar;Revisar
ME-0141;JudÃ­a verde plana;295;Bazar y Varios;Otros bazar;Revisar;Revisar
ME-0147;JudÃ­a verde redonda;28;Bazar y Varios;Otros bazar;Revisar;Revisar
ME-3329;JudÃ­as verdes planas Hacendado;12;Bazar y Varios;Otros bazar;Revisar;Revisar
ME-3324;JudÃ­as verdes redondas Hacendado;12;Bazar y Varios;Otros bazar;Revisar;Revisar
ME-0731;KÃ©fir natural sabor suave;12;Bazar y Varios;Otros bazar;Revisar;Revisar
ME-0851;Kit de viaje higiene dental Deliplus 3 Action;235;Bazar y Varios;Otros bazar;Revisar;Revisar
ME-3944;Kit nude de pinceles ojos Deliplus;55;Bazar y Varios;Otros bazar;Revisar;Revisar
ME-3943;Kit nude de pinceles rostro Deliplus;60;Bazar y Varios;Otros bazar;Revisar;Revisar
ME-3945;Kit nude Esencial Deliplus;35;Bazar y Varios;Otros bazar;Revisar;Revisar
ME-2671;Laca cabello Elnett fijaciÃ³n fuerte;595;Bazar y Varios;Otros bazar;Revisar;Revisar
ME-2657;Laca cabello Nelly;25;Bazar y Varios;Otros bazar;Revisar;Revisar
ME-1809;Laca de uÃ±as alto brillo Deliplus 133 teal;25;Bazar y Varios;Otros bazar;Revisar;Revisar
ME-1810;Laca de uÃ±as alto brillo Deliplus 134 topo;25;Bazar y Varios;Otros bazar;Revisar;Revisar
ME-1801;Laca de uÃ±as alto brillo Deliplus 15 perla rosada;25;Bazar y Varios;Otros bazar;Revisar;Revisar
ME-1802;Laca de uÃ±as alto brillo Deliplus 18 suave peonia;25;Bazar y Varios;Otros bazar;Revisar;Revisar
ME-1803;Laca de uÃ±as alto brillo Deliplus 20 rosa magnÃ©tico;25;Bazar y Varios;Otros bazar;Revisar;Revisar
ME-1805;Laca de uÃ±as alto brillo Deliplus 28 cereza;25;Bazar y Varios;Otros bazar;Revisar;Revisar
ME-1806;Laca de uÃ±as alto brillo Deliplus 31 negro mÃ­stico;25;Bazar y Varios;Otros bazar;Revisar;Revisar
ME-1808;Laca de uÃ±as alto brillo Deliplus 76 rosa medio;25;Bazar y Varios;Otros bazar;Revisar;Revisar
ME-1800;Laca de uÃ±as base brillo Deliplus 67;25;Bazar y Varios;Otros bazar;Revisar;Revisar
ME-1797;Laca de uÃ±as manicura francesa Deliplus 03 rosa;275;Bazar y Varios;Otros bazar;Revisar;Revisar
ME-1364;LacÃ³n al horno Noel lonchas;21;Bazar y Varios;Otros bazar;Revisar;Revisar
ME-1822;LasaÃ±a boloÃ±esa familiar Hacendado;49;Bazar y Varios;Otros bazar;Revisar;Revisar
ME-1823;LasaÃ±a boloÃ±esa Hacendado;27;Bazar y Varios;Otros bazar;Revisar;Revisar
ME-4321;Lavaparabrisas Bosque Verde;25;Bazar y Varios;Otros bazar;Revisar;Revisar
ME-4302;LejÃ­a Multiusos Bosque Verde;16;Bazar y Varios;Otros bazar;Revisar;Revisar
ME-4296;LejÃ­a normal Tradicional Bosque Verde;19;Bazar y Varios;Otros bazar;Revisar;Revisar
ME-4299;LejÃ­a ropa blanca denso Bosque Verde;125;Bazar y Varios;Otros bazar;Revisar;Revisar
ME-0318;Lenguado rubio;91;Bazar y Varios;Otros bazar;Revisar;Revisar
ME-1445;Levadura fresca Levital;5;Bazar y Varios;Otros bazar;Revisar;Revisar
ME-0063;LimÃ³n;58;Bazar y Varios;Otros bazar;Revisar;Revisar
ME-1771;LimÃ³n exprimido Hacendado;135;Bazar y Varios;Otros bazar;Revisar;Revisar
ME-4202;Limpia lavadoras Bosque Verde lÃ­quido;195;Bazar y Varios;Otros bazar;Revisar;Revisar
ME-4272;Limpia Mopas Bosque Verde;285;Bazar y Varios;Otros bazar;Revisar;Revisar
ME-4266;Limpia TapicerÃ­as y Alfombras con espuma activa Bosque Verde;175;Bazar y Varios;Otros bazar;Revisar;Revisar
ME-4322;Limpiacristales Bosque Verde;19;Bazar y Varios;Otros bazar;Revisar;Revisar
ME-4318;Limpiacristales y multiusos Bosque Verde;12;Bazar y Varios;Otros bazar;Revisar;Revisar
ME-4323;Limpiagafas Spray con gamuza Bosque Verde;255;Bazar y Varios;Otros bazar;Revisar;Revisar
ME-4287;Limpiahogar Aloe Vera Bosque Verde concentrado;215;Bazar y Varios;Otros bazar;Revisar;Revisar
ME-4291;Limpiahogar con lejÃ­a Bosque Verde en gel;19;Bazar y Varios;Otros bazar;Revisar;Revisar
ME-4290;Limpiahogar Multiusos Pino Bosque Verde lÃ­quido;16;Bazar y Varios;Otros bazar;Revisar;Revisar
ME-4292;Limpiahogar Oxi Active Bosque Verde sin lejÃ­a;135;Bazar y Varios;Otros bazar;Revisar;Revisar
ME-4289;Limpiahogar PH Neutro Bosque Verde delicado;155;Bazar y Varios;Otros bazar;Revisar;Revisar
ME-1594;LociÃ³n after shave Fresh Deliplus con alcohol;17;Bazar y Varios;Otros bazar;Revisar;Revisar
ME-1124;LociÃ³n corporal Calm Deliplus omega 3, 6, 9 y niacinamida;23;Bazar y Varios;Otros bazar;Revisar;Revisar
ME-1120;LociÃ³n corporal Hidrata Deliplus aloe vera y Ã¡cido hialurÃ³nico;19;Bazar y Varios;Otros bazar;Revisar;Revisar
ME-2521;LociÃ³n infantil elimina liendres y piojos Deliplus;50;Bazar y Varios;Otros bazar;Revisar;Revisar
ME-1349;Lomo asado La CarloteÃ±a lonchas;25;Bazar y Varios;Otros bazar;Revisar;Revisar
ME-1754;Lomo de bellota 50% ibÃ©rico La Hacienda del ibÃ©rico;7085;Bazar y Varios;Otros bazar;Revisar;Revisar
ME-1750;Lomo de bellota ibÃ©rico cortado a mÃ¡quina;743;Bazar y Varios;Otros bazar;Revisar;Revisar
ME-1756;Lomo de cebo 50% ibÃ©rico Estrella de Castilla;1425;Bazar y Varios;Otros bazar;Revisar;Revisar
ME-1749;Lomo de cebo ibÃ©rico cortado a mÃ¡quina;633;Bazar y Varios;Otros bazar;Revisar;Revisar
ME-0519;Lomo de vacuno aÃ±ojo;792;Bazar y Varios;Otros bazar;Revisar;Revisar
ME-1747;Lomo embuchado Hacendado lonchas;27;Bazar y Varios;Otros bazar;Revisar;Revisar
ME-1753;Lomo Hacendado;613;Bazar y Varios;Otros bazar;Revisar;Revisar
ME-1717;Longaniza clÃ¡sica extra Hacendado;28;Bazar y Varios;Otros bazar;Revisar;Revisar
ME-1710;Longaniza de payÃ©s extra Hacendado lonchas;24;Bazar y Varios;Otros bazar;Revisar;Revisar
ME-0612;Longaniza fresca estilo criollo;334;Bazar y Varios;Otros bazar;Revisar;Revisar
ME-0607;Longaniza fresca sin tripa;33;Bazar y Varios;Otros bazar;Revisar;Revisar
ME-0606;Longaniza magro fresca;321;Bazar y Varios;Otros bazar;Revisar;Revisar
ME-0200;Lubina abierta a la espalda;68;Bazar y Varios;Otros bazar;Revisar;Revisar
ME-0199;Lubina limpia;64;Bazar y Varios;Otros bazar;Revisar;Revisar
ME-2731;MacarrÃ³n fino Hacendado;8;Bazar y Varios;Otros bazar;Revisar;Revisar
ME-2733;MacarrÃ³n Hacendado;12;Bazar y Varios;Otros bazar;Revisar;Revisar
ME-2728;MacarrÃ³n rayado integral Hacendado;115;Bazar y Varios;Otros bazar;Revisar;Revisar
ME-3331;Macedonia de verduras Hacendado;9;Bazar y Varios;Otros bazar;Revisar;Revisar
ME-3361;Macedonia mix de frutas en almÃ­bar Hacendado;21;Bazar y Varios;Otros bazar;Revisar;Revisar
ME-0445;Magret de pato;912;Bazar y Varios;Otros bazar;Revisar;Revisar
ME-0159;MaÃ­z dulce en mazorca;315;Bazar y Varios;Otros bazar;Revisar;Revisar
ME-0156;MaÃ­z dulce en mazorca cocido;155;Bazar y Varios;Otros bazar;Revisar;Revisar
ME-3311;MaÃ­z dulce Hacendado;16;Bazar y Varios;Otros bazar;Revisar;Revisar
ME-1385;MaÃ­z palomitas Hacendado;86;Bazar y Varios;Otros bazar;Revisar;Revisar
ME-3805;Malta MaltÃ­n Polar;65;Bazar y Varios;Otros bazar;Revisar;Revisar
ME-1137;Manteca corporal Murumuru Deliplus;45;Bazar y Varios;Otros bazar;Revisar;Revisar
ME-1184;Mantecadas Hacendado;23;Bazar y Varios;Otros bazar;Revisar;Revisar
ME-4461;Mantel de papel color aleatorio Bosque Verde;31;Bazar y Varios;Otros bazar;Revisar;Revisar
ME-3000;Maquillaje fluido Hydra Deliplus 100 vainilla claro;65;Bazar y Varios;Otros bazar;Revisar;Revisar
ME-3005;Maquillaje fluido Hydra Deliplus 110 beige rosado;65;Bazar y Varios;Otros bazar;Revisar;Revisar
ME-3001;Maquillaje fluido Hydra Deliplus 200 beige medio;65;Bazar y Varios;Otros bazar;Revisar;Revisar
ME-3004;Maquillaje fluido Hydra Deliplus 210 cappuccino;65;Bazar y Varios;Otros bazar;Revisar;Revisar
ME-3002;Maquillaje fluido Hydra Deliplus 300 arena;65;Bazar y Varios;Otros bazar;Revisar;Revisar
ME-2990;Maquillaje fluido Long Lasting Deliplus mate 120 beige rosado;65;Bazar y Varios;Otros bazar;Revisar;Revisar
ME-2996;Maquillaje serum camomila Deliplus 100 beige muy claro;70;Bazar y Varios;Otros bazar;Revisar;Revisar
ME-2997;Maquillaje serum camomila Deliplus 200 beige claro;70;Bazar y Varios;Otros bazar;Revisar;Revisar
ME-2998;Maquillaje serum camomila Deliplus 210 beige medio;70;Bazar y Varios;Otros bazar;Revisar;Revisar
ME-2999;Maquillaje serum camomila Deliplus 300 beige oscuro;70;Bazar y Varios;Otros bazar;Revisar;Revisar
ME-1607;Maquinilla de afeitar recargable Deliplus Flection System 6 hojas;60;Bazar y Varios;Otros bazar;Revisar;Revisar
ME-1601;Maquinilla de afeitar recargable Deliplus Precision System 3 hojas;30;Bazar y Varios;Otros bazar;Revisar;Revisar
ME-1603;Maquinilla de afeitar recargable Deliplus Precision System 6 hojas;50;Bazar y Varios;Otros bazar;Revisar;Revisar
ME-1490;Maquinilla depilaciÃ³n recargable Deliplus Body System 6 hojas;50;Bazar y Varios;Otros bazar;Revisar;Revisar
ME-1602;Maquinillas de afeitar desechables Deliplus Active 2 hojas;14;Bazar y Varios;Otros bazar;Revisar;Revisar
ME-1598;Maquinillas de afeitar desechables Deliplus Active 3 hojas;195;Bazar y Varios;Otros bazar;Revisar;Revisar
ME-1596;Maquinillas de afeitar desechables Deliplus Fix 2 hojas;11;Bazar y Varios;Otros bazar;Revisar;Revisar
ME-1485;Maquinillas depilaciÃ³n Deliplus Body 3 hojas;215;Bazar y Varios;Otros bazar;Revisar;Revisar
ME-1484;Maquinillas depilaciÃ³n desechables Deliplus Body 2 hojas;7;Bazar y Varios;Otros bazar;Revisar;Revisar
ME-1470;Masa de hojaldre sin gluten Hacendado;28;Bazar y Varios;Otros bazar;Revisar;Revisar
ME-1471;Masa filo;195;Bazar y Varios;Otros bazar;Revisar;Revisar
ME-1465;Masa fresca hojaldre Hacendado;24;Bazar y Varios;Otros bazar;Revisar;Revisar
ME-1468;Masa fresca quebrada brisa Hacendado;22;Bazar y Varios;Otros bazar;Revisar;Revisar
ME-3349;MÃ¡scara de cejas Deliplus marrÃ³n;40;Bazar y Varios;Otros bazar;Revisar;Revisar
ME-3371;MÃ¡scara de pestaÃ±as Brown Xtrem efecto longitud infinita Deliplus marrÃ³n;45;Bazar y Varios;Otros bazar;Revisar;Revisar
ME-3373;MÃ¡scara de pestaÃ±as Curve XL efecto lifting Deliplus negro;45;Bazar y Varios;Otros bazar;Revisar;Revisar
ME-3372;MÃ¡scara de pestaÃ±as Drama Lashes efecto volumen y longitud Deliplus negro;45;Bazar y Varios;Otros bazar;Revisar;Revisar
ME-3369;MÃ¡scara de pestaÃ±as Long Xtrem efecto longitud infinita Deliplus negro;45;Bazar y Varios;Otros bazar;Revisar;Revisar
ME-3368;MÃ¡scara de pestaÃ±as Maxi Volume efecto volumen intenso Deliplus negro;45;Bazar y Varios;Otros bazar;Revisar;Revisar
ME-3370;MÃ¡scara de pestaÃ±as Water Xtrem waterproof efecto longitud infinita Deliplus negro;45;Bazar y Varios;Otros bazar;Revisar;Revisar
ME-2550;Mascarilla Argan Oil Deliplus cabello seco y daÃ±ado;24;Bazar y Varios;Otros bazar;Revisar;Revisar
ME-2985;Mascarilla cabello cobre Color Mask;21;Bazar y Varios;Otros bazar;Revisar;Revisar
ME-2910;Mascarilla cabello negro Color Mask;21;Bazar y Varios;Otros bazar;Revisar;Revisar
ME-2986;Mascarilla cabello rojo Color Mask;21;Bazar y Varios;Otros bazar;Revisar;Revisar
ME-2987;Mascarilla cabello violÃ­n Color Mask;21;Bazar y Varios;Otros bazar;Revisar;Revisar
ME-2565;Mascarilla Color Protect Deliplus cabello teÃ±ido;24;Bazar y Varios;Otros bazar;Revisar;Revisar
ME-2552;Mascarilla Curl Perfect Deliplus cabello rizado;24;Bazar y Varios;Otros bazar;Revisar;Revisar
ME-0643;Mascarilla facial Hidra Boom Mask Deliplus con Camelias de Jeju y Ã¡cido hialurÃ³nico;175;Bazar y Varios;Otros bazar;Revisar;Revisar
ME-0633;Mascarilla facial peeling carbÃ³n Montagne Jeunesse;185;Bazar y Varios;Otros bazar;Revisar;Revisar
ME-2562;Mascarilla Hidra HialurÃ³nico Elvive cabello deshidratado;44;Bazar y Varios;Otros bazar;Revisar;Revisar
ME-2551;Mascarilla Liss Frizz Control Deliplus cabello rebelde;24;Bazar y Varios;Otros bazar;Revisar;Revisar
ME-2555;Mascarilla Natural Deliplus todo tipo de cabello;24;Bazar y Varios;Otros bazar;Revisar;Revisar
ME-2559;Mascarilla Plex Repair Deliplus cabello muy daÃ±ado;21;Bazar y Varios;Otros bazar;Revisar;Revisar
ME-2558;Mascarilla Protectora Color Vive Elvive cabello teÃ±ido o con mechas;44;Bazar y Varios;Otros bazar;Revisar;Revisar
ME-2549;Mascarilla Repair & Nutrition Deliplus cabello seco y daÃ±ado;24;Bazar y Varios;Otros bazar;Revisar;Revisar
ME-2557;Mascarilla Silver Blond Deliplus cabello rubio, decolorado y grises,;395;Bazar y Varios;Otros bazar;Revisar;Revisar
ME-2556;Mascarilla sin aclarado Argan Oil Deliplus cabello seco y daÃ±ado;38;Bazar y Varios;Otros bazar;Revisar;Revisar
ME-2560;Mascarilla sin aclarado Curl Perfect Deliplus cabello rizado;40;Bazar y Varios;Otros bazar;Revisar;Revisar
ME-2554;Mascarilla sin aclarado Repair & Nutrition Deliplus cabello seco y daÃ±ado;38;Bazar y Varios;Otros bazar;Revisar;Revisar
ME-2563;Mascarilla Ultra Platinum Deliplus cabello gris, rubio y decolorado;395;Bazar y Varios;Otros bazar;Revisar;Revisar
ME-3998;Mascarillas quirÃºrgicas Deliplus no reutilizables;15;Bazar y Varios;Otros bazar;Revisar;Revisar
ME-0719;Maxi tortillas de trigo Hacendado;15;Bazar y Varios;Otros bazar;Revisar;Revisar
ME-1363;Maxi york Hacendado;595;Bazar y Varios;Otros bazar;Revisar;Revisar
ME-1357;Maxi york Hacendado finas lonchas;23;Bazar y Varios;Otros bazar;Revisar;Revisar
ME-3343;Mazorquitas de maÃ­z agridulce Hacendado;26;Bazar y Varios;Otros bazar;Revisar;Revisar
ME-0157;Media calabaza cacahuete;156;Bazar y Varios;Otros bazar;Revisar;Revisar
ME-0713;Media Hogaza integral de avena, semillas de girasol y sÃ©samo rebanado;95;Bazar y Varios;Otros bazar;Revisar;Revisar
ME-0539;Medio conejo troceado;564;Bazar y Varios;Otros bazar;Revisar;Revisar
ME-0053;Medio melÃ³n piel de sapo;552;Bazar y Varios;Otros bazar;Revisar;Revisar
ME-0284;Medio rodaballo;1728;Bazar y Varios;Otros bazar;Revisar;Revisar
ME-0208;MejillÃ³n vivo;36;Bazar y Varios;Otros bazar;Revisar;Revisar
ME-0210;MejillÃ³n vivo selecciÃ³n;46;Bazar y Varios;Otros bazar;Revisar;Revisar
ME-3358;MelocotÃ³n en almÃ­bar Hacendado;205;Bazar y Varios;Otros bazar;Revisar;Revisar
ME-3360;MelocotÃ³n light Hacendado sin azÃºcares aÃ±adidos;145;Bazar y Varios;Otros bazar;Revisar;Revisar
ME-0054;MelÃ³n piel de sapo;68;Bazar y Varios;Otros bazar;Revisar;Revisar
ME-3341;Mezcla de verduras Hacendado;265;Bazar y Varios;Otros bazar;Revisar;Revisar
ME-1388;Mezcla semillas Hacendado;146;Bazar y Varios;Otros bazar;Revisar;Revisar
ME-1846;Migas Hacendado;19;Bazar y Varios;Otros bazar;Revisar;Revisar
ME-0770;Mini biscotes de trigo Diatosta;76;Bazar y Varios;Otros bazar;Revisar;Revisar
ME-2078;Mini eau de parfum hombre Flor de Mayo Deep Barrel;33;Bazar y Varios;Otros bazar;Revisar;Revisar
ME-2071;Mini eau de parfum hombre Flor de Mayo Mistery intense;25;Bazar y Varios;Otros bazar;Revisar;Revisar
ME-2036;Mini eau de parfum mujer Flor de Mayo Diamond;185;Bazar y Varios;Otros bazar;Revisar;Revisar
ME-4488;Mini mechero Clipper;25;Bazar y Varios;Otros bazar;Revisar;Revisar
ME-1560;Mini taquitos de jamÃ³n Incarlopsa;265;Bazar y Varios;Otros bazar;Revisar;Revisar
ME-0721;Mini tortillas de trigo Hacendado;165;Bazar y Varios;Otros bazar;Revisar;Revisar
ME-0768;Mini tostadas de trigo Hacendado extra finas;132;Bazar y Varios;Otros bazar;Revisar;Revisar
ME-4117;Ministick dental perro adulto Compy;22;Bazar y Varios;Otros bazar;Revisar;Revisar
ME-1518;Mix de encurtidos Hacendado;265;Bazar y Varios;Otros bazar;Revisar;Revisar
ME-1529;Mix de pepinillos y cebollitas Hacendado;195;Bazar y Varios;Otros bazar;Revisar;Revisar
ME-4423;Molde de aluminio cuadrado 2,7L AlibÃ©rico;245;Bazar y Varios;Otros bazar;Revisar;Revisar
ME-4429;Molde de aluminio rectangular 0,5L AlibÃ©rico;195;Bazar y Varios;Otros bazar;Revisar;Revisar
ME-4431;Molde de aluminio rectangular 1,5L AlibÃ©rico;335;Bazar y Varios;Otros bazar;Revisar;Revisar
ME-4430;Molde de aluminio redondo 1L AlibÃ©rico;20;Bazar y Varios;Otros bazar;Revisar;Revisar
ME-4434;Molde de papel Bosque Verde para freidora de aire 20 cm;25;Bazar y Varios;Otros bazar;Revisar;Revisar
ME-2165;Molinillo mix pimientas Hacendado;195;Bazar y Varios;Otros bazar;Revisar;Revisar
ME-2163;Molinillo pimienta negra Hacendado;185;Bazar y Varios;Otros bazar;Revisar;Revisar
ME-4500;Mopa atrapa polvo Bosque Verde multiusos;45;Bazar y Varios;Otros bazar;Revisar;Revisar
ME-1538;Mortadela con aceitunas Hacendado lonchas;125;Bazar y Varios;Otros bazar;Revisar;Revisar
ME-1540;Mortadela Hacendado;36;Bazar y Varios;Otros bazar;Revisar;Revisar
ME-1537;Mortadela Hacendado lonchas;125;Bazar y Varios;Otros bazar;Revisar;Revisar
ME-1539;Mortadela italiana Hacendado finas lonchas;195;Bazar y Varios;Otros bazar;Revisar;Revisar
ME-2278;Mostaza a la antigua Hacendado;17;Bazar y Varios;Otros bazar;Revisar;Revisar
ME-2280;Mostaza clÃ¡sica Hacendado;135;Bazar y Varios;Otros bazar;Revisar;Revisar
ME-2279;Mostaza de Dijon Hacendado;125;Bazar y Varios;Otros bazar;Revisar;Revisar
ME-2778;Mousse de pato Hacendado;19;Bazar y Varios;Otros bazar;Revisar;Revisar
ME-2670;Mousse fijador cabello Deliplus fijaciÃ³n 2;26;Bazar y Varios;Otros bazar;Revisar;Revisar
ME-2231;Mozzarella fresca de vaca Hacendado;9;Bazar y Varios;Otros bazar;Revisar;Revisar
ME-2235;Mozzarella fresca de vaca Hacendado en perlas;19;Bazar y Varios;Otros bazar;Revisar;Revisar
ME-2246;Mozzarella fresca light de vaca Hacendado;10;Bazar y Varios;Otros bazar;Revisar;Revisar
ME-2468;Muesli Crunchy Hacendado 0% azÃºcares aÃ±adidos y 0% edulcorantes;20;Bazar y Varios;Otros bazar;Revisar;Revisar
ME-2471;Muesli Crunchy Hacendado con fruta;21;Bazar y Varios;Otros bazar;Revisar;Revisar
ME-2467;Muesli Crunchy Hacendado con frutos secos;21;Bazar y Varios;Otros bazar;Revisar;Revisar
ME-2476;Muesli Hacendado 50% frutas y frutos secos;21;Bazar y Varios;Otros bazar;Revisar;Revisar
ME-2475;Muesli Hacendado con frutas;24;Bazar y Varios;Otros bazar;Revisar;Revisar
ME-3032;Multi corrector Rimmel London 20 fair;695;Bazar y Varios;Otros bazar;Revisar;Revisar
ME-3033;Multi corrector Rimmel London 40 ivory;695;Bazar y Varios;Otros bazar;Revisar;Revisar
ME-3034;Multi corrector Rimmel London 50 sand;695;Bazar y Varios;Otros bazar;Revisar;Revisar
ME-4239;Multiusos cocina Bosque Verde;17;Bazar y Varios;Otros bazar;Revisar;Revisar
ME-4268;Multiusos Perfumado Bosque Verde;13;Bazar y Varios;Otros bazar;Revisar;Revisar
ME-4271;Multiusos pH Neutro Las 3 Brujas;255;Bazar y Varios;Otros bazar;Revisar;Revisar
ME-1843;Muslo de pato confitado Hacendado;63;Bazar y Varios;Otros bazar;Revisar;Revisar
ME-1088;Nachos Hacendado;9;Bazar y Varios;Otros bazar;Revisar;Revisar
ME-1006;Napolitana de crema 31%;95;Bazar y Varios;Otros bazar;Revisar;Revisar
ME-1028;Napolitana mixta;9;Bazar y Varios;Otros bazar;Revisar;Revisar
ME-1173;Napolitanas con relleno de cacao Hacendado;18;Bazar y Varios;Otros bazar;Revisar;Revisar
ME-1177;Napolitanas con relleno sabor crema Hacendado;18;Bazar y Varios;Otros bazar;Revisar;Revisar
ME-0212;Navaja viva;49;Bazar y Varios;Otros bazar;Revisar;Revisar
ME-0197;NÃ©cora cocida Hacendado;855;Bazar y Varios;Otros bazar;Revisar;Revisar
ME-0410;NÃ©ctar de guayaba Hacendado;13;Bazar y Varios;Otros bazar;Revisar;Revisar
ME-3927;Noodles Yakisoba con carne y verduras;45;Bazar y Varios;Otros bazar;Revisar;Revisar
ME-2181;Ãoras Hacendado;156;Bazar y Varios;Otros bazar;Revisar;Revisar
ME-2717;Obleas redondas Hacendado;245;Bazar y Varios;Otros bazar;Revisar;Revisar
ME-2114;OrÃ©gano Hacendado;10;Bazar y Varios;Otros bazar;Revisar;Revisar
ME-1878;Oreja guisada Hacendado;255;Bazar y Varios;Otros bazar;Revisar;Revisar
ME-1427;Orejones albaricoque Hacendado;35;Bazar y Varios;Otros bazar;Revisar;Revisar
ME-0206;Ostra viva;65;Bazar y Varios;Otros bazar;Revisar;Revisar
ME-0674;PacharÃ¡n Oibar;755;Bazar y Varios;Otros bazar;Revisar;Revisar
ME-2727;Pajaritas vegetales Hacendado;11;Bazar y Varios;Otros bazar;Revisar;Revisar
ME-4459;Pajitas rectas reutilizables;11;Bazar y Varios;Otros bazar;Revisar;Revisar
ME-1570;Paleta curada lonchas Paletas Marpa;21;Bazar y Varios;Otros bazar;Revisar;Revisar
ME-1584;Paleta de cebo ibÃ©rica La Hacienda del IbÃ©rico;750;Bazar y Varios;Otros bazar;Revisar;Revisar
ME-3377;Paleta sombras de ojos Deliplus 11 verdes;40;Bazar y Varios;Otros bazar;Revisar;Revisar
ME-3391;Paleta sombras de ojos e iluminadores Nude Romance Deliplus;65;Bazar y Varios;Otros bazar;Revisar;Revisar
ME-3390;Paleta sombras de ojos e iluminadores Pink Romance Deliplus;65;Bazar y Varios;Otros bazar;Revisar;Revisar
ME-4460;Palillos redondos Bosque Verde;125;Bazar y Varios;Otros bazar;Revisar;Revisar
ME-0855;Palitos con frutos secos Hacendado;104;Bazar y Varios;Otros bazar;Revisar;Revisar
ME-0215;Palitos de surimi Hacendado;20;Bazar y Varios;Otros bazar;Revisar;Revisar
ME-1170;Palmeritas Hacendado;155;Bazar y Varios;Otros bazar;Revisar;Revisar
ME-3334;Palmito al natural entero Hacendado;265;Bazar y Varios;Otros bazar;Revisar;Revisar
ME-1407;Palomitas de maÃ­z dulces Hacendado para microondas;16;Bazar y Varios;Otros bazar;Revisar;Revisar
ME-4340;PaÃ±o seca vajillas Bosque Verde;19;Bazar y Varios;Otros bazar;Revisar;Revisar
ME-4378;PaÃ±uelos de papel Aloe Vera Bosque Verde;16;Bazar y Varios;Otros bazar;Revisar;Revisar
ME-4377;PaÃ±uelos de papel Extra Suaves Bosque Verde;125;Bazar y Varios;Otros bazar;Revisar;Revisar
ME-4380;PaÃ±uelos de papel Mentol Bosque Verde;18;Bazar y Varios;Otros bazar;Revisar;Revisar
ME-4435;Papel de aluminio Bosque Verde;22;Bazar y Varios;Otros bazar;Revisar;Revisar
ME-4374;Papel higiÃ©nico Comfort Bosque Verde;29;Bazar y Varios;Otros bazar;Revisar;Revisar
ME-4371;Papel higiÃ©nico Doble Rollo Bosque Verde;45;Bazar y Varios;Otros bazar;Revisar;Revisar
ME-1151;Papel higiÃ©nico hÃºmedo WC Bosque Verde;155;Bazar y Varios;Otros bazar;Revisar;Revisar
ME-4373;Papel higiÃ©nico Suave Bosque Verde;355;Bazar y Varios;Otros bazar;Revisar;Revisar
ME-4437;Papel vegetal Bosque Verde;17;Bazar y Varios;Otros bazar;Revisar;Revisar
ME-4015;Papilla cuatro frutas con avena Hacendado +8 meses;29;Bazar y Varios;Otros bazar;Revisar;Revisar
ME-4014;Papilla fruta variada Hacendado +4 meses;285;Bazar y Varios;Otros bazar;Revisar;Revisar
ME-4012;Papilla fruta variada Hacendado +6 meses;9;Bazar y Varios;Otros bazar;Revisar;Revisar
ME-1422;Pasas moscatel sin semillas Hacendado;22;Bazar y Varios;Otros bazar;Revisar;Revisar
ME-1421;Pasas sultanas sin semillas Hacendado;18;Bazar y Varios;Otros bazar;Revisar;Revisar
ME-4196;Pastillas antical para lavadora Bosque Verde;325;Bazar y Varios;Otros bazar;Revisar;Revisar
ME-4260;Pastillas cisterna Bosque Verde;145;Bazar y Varios;Otros bazar;Revisar;Revisar
ME-4301;Pastillas desinfectantes multiusos Bosque Verde;16;Bazar y Varios;Otros bazar;Revisar;Revisar
ME-4484;Pastillas enciende fuegos Encendido;105;Bazar y Varios;Otros bazar;Revisar;Revisar
ME-1082;Patatinas extra crujientes Hacendado;135;Bazar y Varios;Otros bazar;Revisar;Revisar
ME-2774;PatÃ© de anchoa Hacendado;165;Bazar y Varios;Otros bazar;Revisar;Revisar
ME-2773;PatÃ© de jamÃ³n Hacendado;11;Bazar y Varios;Otros bazar;Revisar;Revisar
ME-2770;PatÃ© de lomo de atÃºn Hacendado;23;Bazar y Varios;Otros bazar;Revisar;Revisar
ME-3352;Perfilador de cejas Deliplus 02 marrÃ³n medio;275;Bazar y Varios;Otros bazar;Revisar;Revisar
ME-3351;Perfilador de cejas Long Lasting Deliplus 01 claro;275;Bazar y Varios;Otros bazar;Revisar;Revisar
ME-3353;Perfilador de cejas Long Lasting Deliplus 03 oscuro;275;Bazar y Varios;Otros bazar;Revisar;Revisar
ME-3354;Perfilador de cejas micro Deliplus 01 claro;35;Bazar y Varios;Otros bazar;Revisar;Revisar
ME-3355;Perfilador de cejas micro Deliplus 02 oscuro;35;Bazar y Varios;Otros bazar;Revisar;Revisar
ME-3215;Perfilador de labios Deliplus 06 canela;25;Bazar y Varios;Otros bazar;Revisar;Revisar
ME-3217;Perfilador de labios Deliplus 07 cereza;25;Bazar y Varios;Otros bazar;Revisar;Revisar
ME-3216;Perfilador de labios Deliplus 08 rojo;25;Bazar y Varios;Otros bazar;Revisar;Revisar
ME-3207;Perfilador de labios Long Lasting Deliplus 01 rosa nude;25;Bazar y Varios;Otros bazar;Revisar;Revisar
ME-3208;Perfilador de labios Long Lasting Deliplus 06 fucsia;25;Bazar y Varios;Otros bazar;Revisar;Revisar
ME-3209;Perfilador de labios Long Lasting Deliplus 07 rojo;25;Bazar y Varios;Otros bazar;Revisar;Revisar
ME-3210;Perfilador de labios Long Lasting Deliplus 08 granate;25;Bazar y Varios;Otros bazar;Revisar;Revisar
ME-3211;Perfilador de labios Long Lasting Deliplus 10 canela;25;Bazar y Varios;Otros bazar;Revisar;Revisar
ME-3212;Perfilador de labios Long Lasting Deliplus 11 nude;25;Bazar y Varios;Otros bazar;Revisar;Revisar
ME-3213;Perfilador de labios Long Lasting Deliplus 15 canela claro;25;Bazar y Varios;Otros bazar;Revisar;Revisar
ME-3295;Perfilador de ojos Deliplus 01 negro;23;Bazar y Varios;Otros bazar;Revisar;Revisar
ME-3296;Perfilador de ojos Deliplus 02 marrÃ³n;23;Bazar y Varios;Otros bazar;Revisar;Revisar
ME-3299;Perfilador de ojos Eyeliner Deliplus 02 negro;35;Bazar y Varios;Otros bazar;Revisar;Revisar
ME-3297;Perfilador de ojos Eyeliner waterproof Deliplus negro;35;Bazar y Varios;Otros bazar;Revisar;Revisar
ME-3293;Perfilador de ojos Waterproof Deliplus 01 negro;25;Bazar y Varios;Otros bazar;Revisar;Revisar
ME-3294;Perfilador de ojos Waterproof Deliplus 06 marrÃ³n;25;Bazar y Varios;Otros bazar;Revisar;Revisar
ME-3301;Perfilador de ojos Waterproof Deliplus 07 verde turquesa;25;Bazar y Varios;Otros bazar;Revisar;Revisar
ME-3302;Perfilador de ojos Waterproof Deliplus 09 azul metalizado;25;Bazar y Varios;Otros bazar;Revisar;Revisar
ME-3306;Perfilador de ojos Waterproof Deliplus 101 negro;325;Bazar y Varios;Otros bazar;Revisar;Revisar
ME-3307;Perfilador de ojos Waterproof Deliplus 105 verde;325;Bazar y Varios;Otros bazar;Revisar;Revisar
ME-3308;Perfilador de ojos Waterproof Deliplus 106 marrÃ³n;325;Bazar y Varios;Otros bazar;Revisar;Revisar
ME-3309;Perfilador de ojos Waterproof Deliplus 107 azul;325;Bazar y Varios;Otros bazar;Revisar;Revisar
ME-3310;Perfilador de ojos Waterproof Deliplus 108 beige;325;Bazar y Varios;Otros bazar;Revisar;Revisar
ME-3303;Perfilador de ojos Waterproof Deliplus 12 verde oliva;25;Bazar y Varios;Otros bazar;Revisar;Revisar
ME-3304;Perfilador de ojos Waterproof Deliplus 13 gris;25;Bazar y Varios;Otros bazar;Revisar;Revisar
ME-3305;Perfilador de ojos Waterproof Deliplus 15 azul;25;Bazar y Varios;Otros bazar;Revisar;Revisar
ME-4215;Perfumador ropa Bosque Verde intensificador de fragancia;315;Bazar y Varios;Otros bazar;Revisar;Revisar
ME-3954;Perlas Omega 3 Deliplus;395;Bazar y Varios;Otros bazar;Revisar;Revisar
ME-0980;Petit Nesquik NestlÃ©;185;Bazar y Varios;Otros bazar;Revisar;Revisar
ME-0979;Petit sabores Hacendado;17;Bazar y Varios;Otros bazar;Revisar;Revisar
ME-0727;Piadina Hacendado;22;Bazar y Varios;Otros bazar;Revisar;Revisar
ME-1523;Picadillo de variantes Hacendado;21;Bazar y Varios;Otros bazar;Revisar;Revisar
ME-0871;Picatostes fritos Hacendado;8;Bazar y Varios;Otros bazar;Revisar;Revisar
ME-0873;Picatostes tostados Hacendado;7;Bazar y Varios;Otros bazar;Revisar;Revisar
ME-0818;Picos 100% integrales Hacendado;8;Bazar y Varios;Otros bazar;Revisar;Revisar
ME-0826;Picos camperos Hacendado;99;Bazar y Varios;Otros bazar;Revisar;Revisar
ME-0819;Picos Hacendado;8;Bazar y Varios;Otros bazar;Revisar;Revisar
ME-0825;Picos reventaos Hacendado;99;Bazar y Varios;Otros bazar;Revisar;Revisar
ME-0824;Picos sin gluten Hacendado;142;Bazar y Varios;Otros bazar;Revisar;Revisar
ME-4356;Pila alcalina AA LR6 Bosque Verde;17;Bazar y Varios;Otros bazar;Revisar;Revisar
ME-4357;Pila alcalina AAA LR03 Bosque Verde;165;Bazar y Varios;Otros bazar;Revisar;Revisar
ME-2140;PimentÃ³n dulce de la Vera Hacendado;185;Bazar y Varios;Otros bazar;Revisar;Revisar
ME-2144;PimentÃ³n dulce Hacendado;13;Bazar y Varios;Otros bazar;Revisar;Revisar
ME-2166;Pimienta blanca molida Hacendado;23;Bazar y Varios;Otros bazar;Revisar;Revisar
ME-2164;Pimienta negra en grano Hacendado;17;Bazar y Varios;Otros bazar;Revisar;Revisar
ME-2162;Pimienta negra molida Hacendado;13;Bazar y Varios;Otros bazar;Revisar;Revisar
ME-2183;PiÃ±ones Hacendado;325;Bazar y Varios;Otros bazar;Revisar;Revisar
ME-3221;Pintalabios Creamy Deliplus 201 nude;465;Bazar y Varios;Otros bazar;Revisar;Revisar
ME-3222;Pintalabios Creamy Deliplus 202 rosa cÃ¡lido;465;Bazar y Varios;Otros bazar;Revisar;Revisar
ME-3223;Pintalabios Creamy Deliplus 204 rosa pÃ©talo;465;Bazar y Varios;Otros bazar;Revisar;Revisar
ME-3224;Pintalabios Creamy Deliplus 207 ciruela;465;Bazar y Varios;Otros bazar;Revisar;Revisar
ME-3225;Pintalabios Creamy Deliplus 210 rojo;465;Bazar y Varios;Otros bazar;Revisar;Revisar
ME-3226;Pintalabios Creamy Deliplus 212 marrÃ³n crema;465;Bazar y Varios;Otros bazar;Revisar;Revisar
ME-3228;Pintalabios Creamy Deliplus 215 malva suave;465;Bazar y Varios;Otros bazar;Revisar;Revisar
ME-3230;Pintalabios Creamy Deliplus 219 marrÃ³n chocolate;465;Bazar y Varios;Otros bazar;Revisar;Revisar
ME-3251;Pintalabios Fluido Mate Deliplus 02 nude rosado;45;Bazar y Varios;Otros bazar;Revisar;Revisar
ME-1482;Pinza de cejas Deliplus oblicua;20;Bazar y Varios;Otros bazar;Revisar;Revisar
ME-1483;Pinza de cejas Deliplus recta;20;Bazar y Varios;Otros bazar;Revisar;Revisar
ME-4512;Pinzas de ropa Bosque Verde;15;Bazar y Varios;Otros bazar;Revisar;Revisar
ME-1530;Piparra Hacendado;28;Bazar y Varios;Otros bazar;Revisar;Revisar
ME-1389;Pipas de calabaza natural Hacendado peladas;17;Bazar y Varios;Otros bazar;Revisar;Revisar
ME-1394;Pipas de girasol fritas Hacendado peladas;11;Bazar y Varios;Otros bazar;Revisar;Revisar
ME-1398;Pipas girasol barbacoa Hacendado;135;Bazar y Varios;Otros bazar;Revisar;Revisar
ME-1399;Pipas girasol naturales Hacendado peladas;124;Bazar y Varios;Otros bazar;Revisar;Revisar
ME-4243;Planchado fÃ¡cil Bosque Verde;22;Bazar y Varios;Otros bazar;Revisar;Revisar
ME-0032;PlÃ¡tano de Canarias IGP;35;Bazar y Varios;Otros bazar;Revisar;Revisar
ME-0034;PlÃ¡tano macho;81;Bazar y Varios;Otros bazar;Revisar;Revisar
ME-4452;Plato llano biodegradable Bosque Verde;16;Bazar y Varios;Otros bazar;Revisar;Revisar
ME-4453;Plato postre biodegradable Bosque Verde;145;Bazar y Varios;Otros bazar;Revisar;Revisar
ME-4519;Plumero atrapa polvo Bosque Verde;20;Bazar y Varios;Otros bazar;Revisar;Revisar
ME-4517;Plumero de avestruz extensible Bosque Verde;495;Bazar y Varios;Otros bazar;Revisar;Revisar
ME-3128;Polvo Compacto 24H Long Lasting Deliplus 03 dorado;60;Bazar y Varios;Otros bazar;Revisar;Revisar
ME-3129;Polvo Compacto 24H Long Lasting Deliplus 04 dorado oscuro;60;Bazar y Varios;Otros bazar;Revisar;Revisar
ME-3131;Polvo compacto perfeccionador efecto seda Deliplus 100 beige claro;60;Bazar y Varios;Otros bazar;Revisar;Revisar
ME-3134;Polvo compacto perfeccionador efecto seda Deliplus 300 cappuccino;60;Bazar y Varios;Otros bazar;Revisar;Revisar
ME-3123;Polvo compacto Sol Deliplus claro;75;Bazar y Varios;Otros bazar;Revisar;Revisar
ME-3124;Polvo compacto Sol Deliplus oscuro;75;Bazar y Varios;Otros bazar;Revisar;Revisar
ME-3126;Polvo suelto TranslÃºcido Deliplus 01;55;Bazar y Varios;Otros bazar;Revisar;Revisar
ME-4078;Polvos de talco Deliplus;18;Bazar y Varios;Otros bazar;Revisar;Revisar
ME-4338;Posavajillas Bosque Verde;135;Bazar y Varios;Otros bazar;Revisar;Revisar
ME-0897;Postre de coco Natural Alpro sin azÃºcares aÃ±adidos;255;Bazar y Varios;Otros bazar;Revisar;Revisar
ME-0893;Postre de soja Hacendado sabor vainilla;155;Bazar y Varios;Otros bazar;Revisar;Revisar
ME-0896;Postre de soja natural Hacendado;12;Bazar y Varios;Otros bazar;Revisar;Revisar
ME-0898;Postre de soja sabor arÃ¡ndanos Alpro;225;Bazar y Varios;Otros bazar;Revisar;Revisar
ME-0894;Postre de soja sabor Natural con coco Alpro;225;Bazar y Varios;Otros bazar;Revisar;Revisar
ME-0596;Postre lÃ¡cteo con arÃ¡ndanos +ProteÃ­nas Hacendado 0% MG 10 g proteÃ­nas;155;Bazar y Varios;Otros bazar;Revisar;Revisar
ME-0597;Postre lÃ¡cteo con fruta Hacendado 0% MG 0% azÃºcares aÃ±adidos;20;Bazar y Varios;Otros bazar;Revisar;Revisar
ME-0593;Postre lÃ¡cteo cremoso natural edulcorado Hacendado 0% MG 0% azÃºcares aÃ±adidos;14;Bazar y Varios;Otros bazar;Revisar;Revisar
ME-0603;Postre lÃ¡cteo natural +ProteÃ­nas Hacendado 0% MG 10 g proteÃ­nas;14;Bazar y Varios;Otros bazar;Revisar;Revisar
ME-0604;Postre lÃ¡cteo natural +ProteÃ­nas Hacendado 0% MG 12 g proteÃ­nas;14;Bazar y Varios;Otros bazar;Revisar;Revisar
ME-0605;Postre lÃ¡cteo sabor coco +ProteÃ­nas Hacendado 0% MG 10 g proteÃ­nas;155;Bazar y Varios;Otros bazar;Revisar;Revisar
ME-0601;Postre lÃ¡cteo sin lactosa natural Hacendado 0% MG 0% azÃºcares aÃ±adidos;135;Bazar y Varios;Otros bazar;Revisar;Revisar
ME-3981;Povidona yodada 10% Deliplus;215;Bazar y Varios;Otros bazar;Revisar;Revisar
ME-3031;Prebase corrector Primer Deliplus 02 tono melocotÃ³n;55;Bazar y Varios;Otros bazar;Revisar;Revisar
ME-0810;Preparado de carne picada vacuno;55;Bazar y Varios;Otros bazar;Revisar;Revisar
ME-0151;Preparado de verdura para cocido;21;Bazar y Varios;Otros bazar;Revisar;Revisar
ME-0161;Preparado de verduras para sofreÃ­r cortado y lavado;24;Bazar y Varios;Otros bazar;Revisar;Revisar
ME-1462;Preparado en polvo gelatina cereza Hacendado;175;Bazar y Varios;Otros bazar;Revisar;Revisar
ME-1461;Preparado en polvo gelatina frutos rojos Hacendado 0% azÃºcares;20;Bazar y Varios;Otros bazar;Revisar;Revisar
ME-1464;Preparado en polvo gelatina maracuyÃ¡ Hacendado;175;Bazar y Varios;Otros bazar;Revisar;Revisar
ME-1460;Preparado en polvo instantÃ¡neo para crepes Hacendado;20;Bazar y Varios;Otros bazar;Revisar;Revisar
ME-1990;Preparado lÃ¡cteo crecimiento Hacendado +1 aÃ±o;84;Bazar y Varios;Otros bazar;Revisar;Revisar
ME-1986;Preparado lÃ¡cteo crecimiento Peques 3 Puleva;1134;Bazar y Varios;Otros bazar;Revisar;Revisar
ME-1791;Preparado para ahumar Hacendado;33;Bazar y Varios;Otros bazar;Revisar;Revisar
ME-1434;Preparado para reposterÃ­a con impulsor incorporado Hacendado;105;Bazar y Varios;Otros bazar;Revisar;Revisar
ME-4001;Preservativos natural Durex;725;Bazar y Varios;Otros bazar;Revisar;Revisar
ME-4000;Preservativos natural On;30;Bazar y Varios;Otros bazar;Revisar;Revisar
ME-4002;Preservativos sensitive On;32;Bazar y Varios;Otros bazar;Revisar;Revisar
ME-3999;Preservativos sensitivo suave Durex;825;Bazar y Varios;Otros bazar;Revisar;Revisar
ME-1320;Protector cama tamaÃ±o 60 x 90 cm Deliplus;85;Bazar y Varios;Otros bazar;Revisar;Revisar
ME-2253;Protector labial Deliplus FPS 30;165;Bazar y Varios;Otros bazar;Revisar;Revisar
ME-2251;Protector solar infantil pediÃ¡trico Sun Med FPS 50+;75;Bazar y Varios;Otros bazar;Revisar;Revisar
ME-2667;Protector tÃ©rmico cabello Termo Protect Deliplus;30;Bazar y Varios;Otros bazar;Revisar;Revisar
ME-3991;Protectores para los oÃ­dos de espuma Moldex;17;Bazar y Varios;Otros bazar;Revisar;Revisar
ME-1298;Protegeslip Cotton flexiform Carefree regular + tanga;195;Bazar y Varios;Otros bazar;Revisar;Revisar
ME-1302;Protegeslip de incontinencia Deliplus pequeÃ±o;31;Bazar y Varios;Otros bazar;Revisar;Revisar
ME-1306;Protegeslip maxi Deliplus Cotton;18;Bazar y Varios;Otros bazar;Revisar;Revisar
ME-1304;Protegeslip maxi Deliplus Dry;25;Bazar y Varios;Otros bazar;Revisar;Revisar
ME-1295;Protegeslip maxi Deliplus Suave;225;Bazar y Varios;Otros bazar;Revisar;Revisar
ME-1301;Protegeslip micro Deliplus Fresh;20;Bazar y Varios;Otros bazar;Revisar;Revisar
ME-1305;Protegeslip normal Deliplus Cotton;17;Bazar y Varios;Otros bazar;Revisar;Revisar
ME-1303;Protegeslip normal Deliplus Dry;21;Bazar y Varios;Otros bazar;Revisar;Revisar
ME-1293;Protegeslip normal Deliplus Suave;185;Bazar y Varios;Otros bazar;Revisar;Revisar
ME-1296;Protegeslip normal Evax;35;Bazar y Varios;Otros bazar;Revisar;Revisar
ME-1297;Protegeslip normal plegado Deliplus Suave;11;Bazar y Varios;Otros bazar;Revisar;Revisar
ME-1300;Protegeslip tanga Deliplus Fresh;125;Bazar y Varios;Otros bazar;Revisar;Revisar
ME-1299;Protegeslip ultrafino Deliplus Fresh;125;Bazar y Varios;Otros bazar;Revisar;Revisar
ME-1294;Protegeslip y compresa 2 en 1 Deliplus Suave;165;Bazar y Varios;Otros bazar;Revisar;Revisar
ME-0144;Puerros;252;Bazar y Varios;Otros bazar;Revisar;Revisar
ME-1579;Puntas de jamÃ³n curado Incarlopsa;213;Bazar y Varios;Otros bazar;Revisar;Revisar
ME-1832;Quinoa cocida blanca y roja Sabroz;14;Bazar y Varios;Otros bazar;Revisar;Revisar
ME-2597;Quinoa Hacendado;27;Bazar y Varios;Otros bazar;Revisar;Revisar
ME-4231;Quitagrasas Bosque Verde perfumado;15;Bazar y Varios;Otros bazar;Revisar;Revisar
ME-4230;Quitagrasas Bosque Verde perfume Marsella;15;Bazar y Varios;Otros bazar;Revisar;Revisar
ME-4232;Quitagrasas KH-7;37;Bazar y Varios;Otros bazar;Revisar;Revisar
ME-0153;Rabanitos;115;Bazar y Varios;Otros bazar;Revisar;Revisar
ME-4238;Rasqueta VitrocerÃ¡micas Bosque Verde;325;Bazar y Varios;Otros bazar;Revisar;Revisar
ME-4396;Raticida cebo fresco Bosque Verde;26;Bazar y Varios;Otros bazar;Revisar;Revisar
ME-4493;Recambio antihumedad con aromas cÃ­tricos Bosque Verde;20;Bazar y Varios;Otros bazar;Revisar;Revisar
ME-4502;Recambio mopa microfibra pequeÃ±o Bosque Verde;49;Bazar y Varios;Otros bazar;Revisar;Revisar
ME-1612;Recambios maquinilla de afeitar Deliplus Flection System 6 hojas;70;Bazar y Varios;Otros bazar;Revisar;Revisar
ME-1608;Recambios maquinilla de afeitar Deliplus Precision System 3 hojas;35;Bazar y Varios;Otros bazar;Revisar;Revisar
ME-1609;Recambios maquinilla de afeitar Deliplus Precision System 6 hojas;55;Bazar y Varios;Otros bazar;Revisar;Revisar
ME-1491;Recambios maquinilla depilaciÃ³n Deliplus Body System 6 hojas;46;Bazar y Varios;Otros bazar;Revisar;Revisar
ME-1489;Recambios maquinilla depilaciÃ³n Wilkinson Hydro Silk 5 hojas;795;Bazar y Varios;Otros bazar;Revisar;Revisar
ME-4516;Recambios plumero Bosque Verde;22;Bazar y Varios;Otros bazar;Revisar;Revisar
ME-0931;Recarga jabÃ³n de manos dermoprotector Deliplus;14;Bazar y Varios;Otros bazar;Revisar;Revisar
ME-4504;Recogedor antivuelco con palo Bosque Verde;155;Bazar y Varios;Otros bazar;Revisar;Revisar
ME-4315;Reductor de pH Bosque Verde para piscina;100;Bazar y Varios;Otros bazar;Revisar;Revisar
ME-0829;RegaÃ±Ã¡ artesana Hacendado;15;Bazar y Varios;Otros bazar;Revisar;Revisar
ME-0820;RegaÃ±Ã¡ Hacendado;104;Bazar y Varios;Otros bazar;Revisar;Revisar
ME-0154;Remolacha cocida y pelada;105;Bazar y Varios;Otros bazar;Revisar;Revisar
ME-3330;Remolacha en tiras Hacendado;135;Bazar y Varios;Otros bazar;Revisar;Revisar
ME-2243;RequesÃ³n mezcla Hacendado;10;Bazar y Varios;Otros bazar;Revisar;Revisar
ME-3016;Retoca raÃ­ces instantÃ¡neo castaÃ±o caoba Magic retouch;61;Bazar y Varios;Otros bazar;Revisar;Revisar
ME-3015;Retoca raÃ­ces instantÃ¡neo castaÃ±o Magic Retouch;61;Bazar y Varios;Otros bazar;Revisar;Revisar
ME-3014;Retoca raÃ­ces instantÃ¡neo negro Magic Retouch;61;Bazar y Varios;Otros bazar;Revisar;Revisar
ME-3017;Retoca raÃ­ces instantÃ¡neo rubio Magic Retouch;61;Bazar y Varios;Otros bazar;Revisar;Revisar
ME-3366;Rizador de pestaÃ±as Deliplus;45;Bazar y Varios;Otros bazar;Revisar;Revisar
ME-0315;Rodajas de atÃºn de aleta amarilla;537;Bazar y Varios;Otros bazar;Revisar;Revisar
ME-4513;Rodillo quitapelusas Bosque Verde;175;Bazar y Varios;Otros bazar;Revisar;Revisar
ME-1195;Rollo con sabor avellana Hacendado;24;Bazar y Varios;Otros bazar;Revisar;Revisar
ME-2123;Romero Hacendado;135;Bazar y Varios;Otros bazar;Revisar;Revisar
ME-1191;Rosquilla al cacao Hacendado;21;Bazar y Varios;Otros bazar;Revisar;Revisar
ME-1199;Rosquilla de cacao Caocream Hacendado;3;Bazar y Varios;Otros bazar;Revisar;Revisar
ME-0991;Rosquillas al cacao;155;Bazar y Varios;Otros bazar;Revisar;Revisar
ME-1194;Rosquito frito con azÃºcar Hacendado;23;Bazar y Varios;Otros bazar;Revisar;Revisar
ME-0091;RÃºcula lavada;85;Bazar y Varios;Otros bazar;Revisar;Revisar
ME-3942;Sacapuntas doble Deliplus lÃ¡piz fino y grueso;25;Bazar y Varios;Otros bazar;Revisar;Revisar
ME-3897;SangrÃ­a Don SimÃ³n;23;Bazar y Varios;Otros bazar;Revisar;Revisar
ME-4397;Saquitos antipolillas Ropa Limpia Bosque Verde;155;Bazar y Varios;Otros bazar;Revisar;Revisar
ME-3062;Sardinillas en escabeche Hacendado;195;Bazar y Varios;Otros bazar;Revisar;Revisar
ME-2190;Sazonador para burritos Hacendado;13;Bazar y Varios;Otros bazar;Revisar;Revisar
ME-2185;Sazonador para fajitas Hacendado sabor tex-mex;85;Bazar y Varios;Otros bazar;Revisar;Revisar
ME-2189;Sazonador para paella con azafrÃ¡n Hacendado;155;Bazar y Varios;Otros bazar;Revisar;Revisar
ME-2193;Sazonador Topping Hacendado;185;Bazar y Varios;Otros bazar;Revisar;Revisar
ME-1908;SeitÃ¡n Soria Natural lonchas;37;Bazar y Varios;Otros bazar;Revisar;Revisar
ME-1393;Semillas de chÃ­a Hacendado;145;Bazar y Varios;Otros bazar;Revisar;Revisar
ME-1400;Semillas lino dorado Hacendado;119;Bazar y Varios;Otros bazar;Revisar;Revisar
ME-1397;Semillas sÃ©samo tostado Hacendado;15;Bazar y Varios;Otros bazar;Revisar;Revisar
ME-1442;SÃ©mola de trigo Hacendado;13;Bazar y Varios;Otros bazar;Revisar;Revisar
ME-0239;Sepia FaraÃ³nica;915;Bazar y Varios;Otros bazar;Revisar;Revisar
ME-0240;Sepia troceada FaraÃ³nica;595;Bazar y Varios;Otros bazar;Revisar;Revisar
ME-2576;SÃ©rum Be Radiant 10 en 1 Deliplus cabello apagado;40;Bazar y Varios;Otros bazar;Revisar;Revisar
ME-3374;SÃ©rum de pestaÃ±as y cejas Revival cuida, nutre y fortalece Deliplus transparente;50;Bazar y Varios;Otros bazar;Revisar;Revisar
ME-0688;SÃ©rum facial Ãcido HialurÃ³nico y Ceramidas Deliplus Hidrata;55;Bazar y Varios;Otros bazar;Revisar;Revisar
ME-0691;SÃ©rum facial iluminador Anti Ox con 15% vitamina C;70;Bazar y Varios;Otros bazar;Revisar;Revisar
ME-0685;SÃ©rum facial potenciador 12% silicio Deliplus Sisbela Reafirm;55;Bazar y Varios;Otros bazar;Revisar;Revisar
ME-0689;SÃ©rum facial reparador Micro CÃ¡psulas Deliplus;90;Bazar y Varios;Otros bazar;Revisar;Revisar
ME-0687;SÃ©rum facial Retinol Regen Skin Deliplus;55;Bazar y Varios;Otros bazar;Revisar;Revisar
ME-2580;SÃ©rum Liss Frizz Control Deliplus iluminador;40;Bazar y Varios;Otros bazar;Revisar;Revisar
ME-2578;SÃ©rum oil Curl Perfect Deliplus cabello rizado;40;Bazar y Varios;Otros bazar;Revisar;Revisar
ME-2577;SÃ©rum Plex Repair Deliplus cabello muy daÃ±ado;40;Bazar y Varios;Otros bazar;Revisar;Revisar
ME-0678;SÃ©rum reductor instantÃ¡neo de bolsas y ojeras Deliplus Sisbela Reafirm;50;Bazar y Varios;Otros bazar;Revisar;Revisar
ME-4352;Servilleta papel Bosque Verde;125;Bazar y Varios;Otros bazar;Revisar;Revisar
ME-4354;Servilleta papel Cocktail Bosque Verde;21;Bazar y Varios;Otros bazar;Revisar;Revisar
ME-4355;Servilleta papel suave Bosque Verde;155;Bazar y Varios;Otros bazar;Revisar;Revisar
ME-4492;Set antihumedad con aromas cÃ­tricos Bosque Verde;315;Bazar y Varios;Otros bazar;Revisar;Revisar
ME-0494;Sidra asturiana El Mayu;16;Bazar y Varios;Otros bazar;Revisar;Revisar
ME-0497;Sidra natural PolÃ­an;21;Bazar y Varios;Otros bazar;Revisar;Revisar
ME-3421;Sirope de agave Hacendado;26;Bazar y Varios;Otros bazar;Revisar;Revisar
ME-4124;Snack corazones perro adulto Compy;165;Bazar y Varios;Otros bazar;Revisar;Revisar
ME-1108;Snack de maÃ­z Redes sabor barbacoa Hacendado;85;Bazar y Varios;Otros bazar;Revisar;Revisar
ME-4160;Snack gato aperitivo lÃ­quido Compy;16;Bazar y Varios;Otros bazar;Revisar;Revisar
ME-4164;Snack gato crunchy con hierba gatera Compy cuidado de dientes;11;Bazar y Varios;Otros bazar;Revisar;Revisar
ME-1168;Sobaos Hacendado;21;Bazar y Varios;Otros bazar;Revisar;Revisar
ME-2791;Sobrasada ibÃ©rica L'Illa especialidades;25;Bazar y Varios;Otros bazar;Revisar;Revisar
ME-2790;Sobrasada selecta L'Illa especialidades;205;Bazar y Varios;Otros bazar;Revisar;Revisar
ME-2850;Soja texturizada Luengo;27;Bazar y Varios;Otros bazar;Revisar;Revisar
ME-0520;Solomillo de vacuno;118;Bazar y Varios;Otros bazar;Revisar;Revisar
ME-4075;SoluciÃ³n fisiolÃ³gica Deliplus;323;Bazar y Varios;Otros bazar;Revisar;Revisar
ME-3976;SoluciÃ³n Ãºnica para lentes de contacto blandas Deliplus con Ã¡cido hialurÃ³nico;40;Bazar y Varios;Otros bazar;Revisar;Revisar
ME-3386;Sombra de ojos Creamy Deliplus 02 topper;50;Bazar y Varios;Otros bazar;Revisar;Revisar
ME-3387;Sombra de ojos Creamy Deliplus 03 plata;50;Bazar y Varios;Otros bazar;Revisar;Revisar
ME-3388;Sombra de ojos Creamy Deliplus 05 duochromo;50;Bazar y Varios;Otros bazar;Revisar;Revisar
ME-3378;Sombra de ojos Long Lasting Deliplus Multi-Stick 01 iluminador;425;Bazar y Varios;Otros bazar;Revisar;Revisar
ME-3379;Sombra de ojos Long Lasting Deliplus Multi-Stick 02 rose;425;Bazar y Varios;Otros bazar;Revisar;Revisar
ME-3380;Sombra de ojos Long Lasting Deliplus Multi-Stick 03 rose oscuro;425;Bazar y Varios;Otros bazar;Revisar;Revisar
ME-3381;Sombra de ojos Long Lasting Deliplus Multi-Stick 04 borgoÃ±a;425;Bazar y Varios;Otros bazar;Revisar;Revisar
ME-3382;Sombra de ojos Long Lasting Deliplus Multi-Stick 05 champagne;425;Bazar y Varios;Otros bazar;Revisar;Revisar
ME-3384;Sombra de ojos Long Lasting Deliplus Multi-Stick 07 cobre;425;Bazar y Varios;Otros bazar;Revisar;Revisar
ME-3451;Sopa de cocido Hacendado;65;Bazar y Varios;Otros bazar;Revisar;Revisar
ME-3449;Sopa de miso;225;Bazar y Varios;Otros bazar;Revisar;Revisar
ME-0162;Sopa de verduras cortada y lavada;23;Bazar y Varios;Otros bazar;Revisar;Revisar
ME-3450;Sopa de verduras Hacendado;65;Bazar y Varios;Otros bazar;Revisar;Revisar
ME-3453;Sopa hortelana Hacendado;17;Bazar y Varios;Otros bazar;Revisar;Revisar
ME-3448;Sopa maravilla Hacendado;65;Bazar y Varios;Otros bazar;Revisar;Revisar
ME-4309;Sosa cÃ¡ustica Bosque Verde;355;Bazar y Varios;Otros bazar;Revisar;Revisar
ME-2752;Spaghetti Armando;14;Bazar y Varios;Otros bazar;Revisar;Revisar
ME-1826;Spaghetti carbonara Hacendado;22;Bazar y Varios;Otros bazar;Revisar;Revisar
ME-2745;Spaghetti fino Hacendado;8;Bazar y Varios;Otros bazar;Revisar;Revisar
ME-2748;Spaghetti Hacendado;12;Bazar y Varios;Otros bazar;Revisar;Revisar
ME-2744;Spaghetti integral Hacendado;115;Bazar y Varios;Otros bazar;Revisar;Revisar
ME-2750;Spaghetti sin gluten Felicia;205;Bazar y Varios;Otros bazar;Revisar;Revisar
ME-2669;Spray cabello Ondas Surfing Deliplus;24;Bazar y Varios;Otros bazar;Revisar;Revisar
ME-3957;Spray oral PrÃ³polis Deliplus;36;Bazar y Varios;Otros bazar;Revisar;Revisar
ME-3993;Stick de Ã¡rnica Cata Pum Deliplus;40;Bazar y Varios;Otros bazar;Revisar;Revisar
ME-4118;Stick dental perro adulto con menta Compy;175;Bazar y Varios;Otros bazar;Revisar;Revisar
ME-1150;Stick para pies anti-rozaduras Deliplus;25;Bazar y Varios;Otros bazar;Revisar;Revisar
ME-3958;Sticks Jalea Real y PrÃ³polis Deliplus;495;Bazar y Varios;Otros bazar;Revisar;Revisar
ME-1708;Sticks longaniza extra Hacendado;11;Bazar y Varios;Otros bazar;Revisar;Revisar
ME-1109;Sticks vegetales Hacendado;12;Bazar y Varios;Otros bazar;Revisar;Revisar
ME-0351;SucedÃ¡neo de caviar negro Ubago Caviartic;195;Bazar y Varios;Otros bazar;Revisar;Revisar
ME-1111;SÃºper Cuquis;11;Bazar y Varios;Otros bazar;Revisar;Revisar
ME-3642;Surtido bombones Caja Roja NestlÃ©;695;Bazar y Varios;Otros bazar;Revisar;Revisar
ME-1575;Surtido de ibÃ©ricos La Hacienda del ibÃ©rico;65;Bazar y Varios;Otros bazar;Revisar;Revisar
ME-0828;Surtido de picos, colines y regaÃ±Ã¡s con sÃ©samo Hacendado;142;Bazar y Varios;Otros bazar;Revisar;Revisar
ME-3935;Surtido sushi Bento grande;1075;Bazar y Varios;Otros bazar;Revisar;Revisar
ME-3937;Surtido sushi Bento mix;875;Bazar y Varios;Otros bazar;Revisar;Revisar
ME-3936;Surtido sushi Bento pequeÃ±o;675;Bazar y Varios;Otros bazar;Revisar;Revisar
ME-2136;TabulÃ© oriental Hacendado;17;Bazar y Varios;Otros bazar;Revisar;Revisar
ME-1573;Taco jamÃ³n curado;385;Bazar y Varios;Otros bazar;Revisar;Revisar
ME-1817;Taco pulidor de uÃ±as manos Deliplus;19;Bazar y Varios;Otros bazar;Revisar;Revisar
ME-3065;Tacos de pota al ajillo Hacendado;32;Bazar y Varios;Otros bazar;Revisar;Revisar
ME-0512;Tacos de vacuno aÃ±ojo para guisar;842;Bazar y Varios;Otros bazar;Revisar;Revisar
ME-2743;Tallarines Hacendado;8;Bazar y Varios;Otros bazar;Revisar;Revisar
ME-1313;Tampones mini Deliplus con aplicador suave;275;Bazar y Varios;Otros bazar;Revisar;Revisar
ME-1314;Tampones regular Deliplus 100% algodÃ³n;34;Bazar y Varios;Otros bazar;Revisar;Revisar
ME-1311;Tampones regular Deliplus con aplicador suave;275;Bazar y Varios;Otros bazar;Revisar;Revisar
ME-1309;Tampones regular Tampax Compak con aplicador;575;Bazar y Varios;Otros bazar;Revisar;Revisar
ME-1317;Tampones regular Tampax Pearl con aplicador;49;Bazar y Varios;Otros bazar;Revisar;Revisar
ME-1315;Tampones super Deliplus 100% algodÃ³n;34;Bazar y Varios;Otros bazar;Revisar;Revisar
ME-1310;Tampones super Deliplus con aplicador suave;275;Bazar y Varios;Otros bazar;Revisar;Revisar
ME-1316;Tampones super plus Deliplus 100% algodÃ³n;34;Bazar y Varios;Otros bazar;Revisar;Revisar
ME-1312;Tampones super plus Deliplus con aplicador suave;275;Bazar y Varios;Otros bazar;Revisar;Revisar
ME-1308;Tampones super plus Tampax Compak con aplicador;575;Bazar y Varios;Otros bazar;Revisar;Revisar
ME-1319;Tampones super plus Tampax Pearl con aplicador;49;Bazar y Varios;Otros bazar;Revisar;Revisar
ME-1307;Tampones super Tampax Compak con aplicador;575;Bazar y Varios;Otros bazar;Revisar;Revisar
ME-1318;Tampones super Tampax Pearl con aplicador;49;Bazar y Varios;Otros bazar;Revisar;Revisar
ME-1572;Taquitos de jamÃ³n Incarlopsa;265;Bazar y Varios;Otros bazar;Revisar;Revisar
ME-3267;TÃ© Chai Hacendado;14;Bazar y Varios;Otros bazar;Revisar;Revisar
ME-3270;TÃ© Matcha en polvo Hacendado;32;Bazar y Varios;Otros bazar;Revisar;Revisar
ME-3269;TÃ© negro con canela Hacendado;14;Bazar y Varios;Otros bazar;Revisar;Revisar
ME-3271;TÃ© negro Hacendado;85;Bazar y Varios;Otros bazar;Revisar;Revisar
ME-3268;TÃ© negro PG tips;26;Bazar y Varios;Otros bazar;Revisar;Revisar
ME-3266;TÃ© verde Hacendado;75;Bazar y Varios;Otros bazar;Revisar;Revisar
ME-4457;Tenedores de plÃ¡stico Bosque Verde reutilizables;155;Bazar y Varios;Otros bazar;Revisar;Revisar
ME-0675;Tequila reposado Olmeca;125;Bazar y Varios;Otros bazar;Revisar;Revisar
ME-1814;Tijera uÃ±as Deliplus;42;Bazar y Varios;Otros bazar;Revisar;Revisar
ME-1625;TiramisÃº Hacendado;135;Bazar y Varios;Otros bazar;Revisar;Revisar
ME-3975;Tiras adhesivas protectoras Classic color beige Deliplus surtidas, elÃ¡sticas y transpirables;95;Bazar y Varios;Otros bazar;Revisar;Revisar
ME-3985;Tiras adhesivas protectoras de espuma acolchado Deliplus protecciÃ³n extra;13;Bazar y Varios;Otros bazar;Revisar;Revisar
ME-3983;Tiras adhesivas protectoras infantiles Deliplus surtidas, elÃ¡sticas y transpirables;13;Bazar y Varios;Otros bazar;Revisar;Revisar
ME-1089;Tiras de maÃ­z frito sabor barbacoa Hacendado;8;Bazar y Varios;Otros bazar;Revisar;Revisar
ME-0639;Tiras faciales limpia poros Deliplus;30;Bazar y Varios;Otros bazar;Revisar;Revisar
ME-1634;Tocino de cielo Hacendado;19;Bazar y Varios;Otros bazar;Revisar;Revisar
ME-2135;Tofu firme Hacendado;19;Bazar y Varios;Otros bazar;Revisar;Revisar
ME-2119;Tomillo Hacendado;105;Bazar y Varios;Otros bazar;Revisar;Revisar
ME-3719;TÃ³nica Hacendado;222;Bazar y Varios;Otros bazar;Revisar;Revisar
ME-3721;TÃ³nica zero calorÃ­as Schweppes;784;Bazar y Varios;Otros bazar;Revisar;Revisar
ME-0644;TÃ³nico facial Ã¡rbol de tÃ© y prebiÃ³ticos Facial Clean;32;Bazar y Varios;Otros bazar;Revisar;Revisar
ME-0645;TÃ³nico facial vitamina C y niacinamida Facial Clean iluminador y antioxidante;32;Bazar y Varios;Otros bazar;Revisar;Revisar
ME-1101;Torreznos Hacendado;14;Bazar y Varios;Otros bazar;Revisar;Revisar
ME-1098;Torreznos sabor barbacoa Hacendado;14;Bazar y Varios;Otros bazar;Revisar;Revisar
ME-2754;Tortellini carne Pagani;14;Bazar y Varios;Otros bazar;Revisar;Revisar
ME-0724;Tortillas de avena 51% Hacendado;185;Bazar y Varios;Otros bazar;Revisar;Revisar
ME-0725;Tortillas de maÃ­z Hacendado;185;Bazar y Varios;Otros bazar;Revisar;Revisar
ME-0714;Tortillas de trigo Hacendado;115;Bazar y Varios;Otros bazar;Revisar;Revisar
ME-0717;Tortillas de trigo integrales Hacendado;155;Bazar y Varios;Otros bazar;Revisar;Revisar
ME-2621;Tortitas de maÃ­z campestre Hacendado;175;Bazar y Varios;Otros bazar;Revisar;Revisar
ME-2620;Tortitas de maÃ­z con sabor a jamÃ³n Hacendado;175;Bazar y Varios;Otros bazar;Revisar;Revisar
ME-2614;Tortitas de maÃ­z Hacendado;11;Bazar y Varios;Otros bazar;Revisar;Revisar
ME-4395;Trampa matacucarachas Bosque Verde;295;Bazar y Varios;Otros bazar;Revisar;Revisar
ME-2579;Tratamiento Anti Frizz Deliplus todo tipo de cabello;40;Bazar y Varios;Otros bazar;Revisar;Revisar
ME-1130;Tratamiento crema reductor intensivo noche Deliplus;49;Bazar y Varios;Otros bazar;Revisar;Revisar
ME-1793;Tratamiento para uÃ±as base 9 en 1 Deliplus vitaminada y alisadora;35;Bazar y Varios;Otros bazar;Revisar;Revisar
ME-1794;Tratamiento para uÃ±as endurecedor Deliplus;35;Bazar y Varios;Otros bazar;Revisar;Revisar
ME-1795;Tratamiento para uÃ±as gel brillo top coat Deliplus secado rÃ¡pido;35;Bazar y Varios;Otros bazar;Revisar;Revisar
ME-1799;Tratamiento para uÃ±as y cutÃ­culas SÃ©rum SOS Deliplus;35;Bazar y Varios;Otros bazar;Revisar;Revisar
ME-0995;Trenza con nueces 4%;10;Bazar y Varios;Otros bazar;Revisar;Revisar
ME-1099;Trigo snack sabor ahumado Hacendado;85;Bazar y Varios;Otros bazar;Revisar;Revisar
ME-1009;Trozo de vacuno para cocido;453;Bazar y Varios;Otros bazar;Revisar;Revisar
ME-0254;Trucha Arco iris abierta a la espalda;49;Bazar y Varios;Otros bazar;Revisar;Revisar
ME-2138;Tsatsiki Hacendado;19;Bazar y Varios;Otros bazar;Revisar;Revisar
ME-2719;Tubitos Hacendado;205;Bazar y Varios;Otros bazar;Revisar;Revisar
ME-4449;Vasos grandes de plÃ¡stico Bosque Verde reutilizables;165;Bazar y Varios;Otros bazar;Revisar;Revisar
ME-4464;Vasos medianos de plÃ¡stico Bosque Verde reutilizables;16;Bazar y Varios;Otros bazar;Revisar;Revisar
ME-1686;Vela de cumpleaÃ±os 0 Hacendado;85;Bazar y Varios;Otros bazar;Revisar;Revisar
ME-1687;Vela de cumpleaÃ±os 1 Hacendado;85;Bazar y Varios;Otros bazar;Revisar;Revisar
ME-1688;Vela de cumpleaÃ±os 2 Hacendado;85;Bazar y Varios;Otros bazar;Revisar;Revisar
ME-1689;Vela de cumpleaÃ±os 3 Hacendado;85;Bazar y Varios;Otros bazar;Revisar;Revisar
ME-1690;Vela de cumpleaÃ±os 4 Hacendado;85;Bazar y Varios;Otros bazar;Revisar;Revisar
ME-1691;Vela de cumpleaÃ±os 5 Hacendado;85;Bazar y Varios;Otros bazar;Revisar;Revisar
ME-1692;Vela de cumpleaÃ±os 6 Hacendado;85;Bazar y Varios;Otros bazar;Revisar;Revisar
ME-1693;Vela de cumpleaÃ±os 7 Hacendado;85;Bazar y Varios;Otros bazar;Revisar;Revisar
ME-1694;Vela de cumpleaÃ±os 8 Hacendado;85;Bazar y Varios;Otros bazar;Revisar;Revisar
ME-1695;Vela de cumpleaÃ±os 9 Hacendado;85;Bazar y Varios;Otros bazar;Revisar;Revisar
ME-4478;Vela perfumada Berries Bosque Verde;185;Bazar y Varios;Otros bazar;Hogar y limpieza;Ambientadores
ME-4471;Vela perfumada Chai Bosque Verde;185;Bazar y Varios;Otros bazar;Hogar y limpieza;Ambientadores
ME-4481;Vela perfumada CrÃ¨me BrÃ»lÃ©e Bosque Verde;55;Bazar y Varios;Otros bazar;Hogar y limpieza;Ambientadores
ME-4472;Vela perfumada Fruta Tropical Bosque Verde;185;Bazar y Varios;Otros bazar;Hogar y limpieza;Ambientadores
ME-4480;Vela perfumada Matcha Bosque Verde;185;Bazar y Varios;Otros bazar;Hogar y limpieza;Ambientadores
ME-4477;Vela perfumada Santal Vanilla Bosque Verde;185;Bazar y Varios;Otros bazar;Hogar y limpieza;Ambientadores
ME-1696;Velas de cumpleaÃ±os Hacendado;105;Bazar y Varios;Otros bazar;Revisar;Revisar
ME-3989;Venda elÃ¡stica cohesiva Deliplus fijaciÃ³n fuerte;21;Bazar y Varios;Otros bazar;Revisar;Revisar
ME-0160;Verdura para crema de calabaza;40;Bazar y Varios;Otros bazar;Revisar;Revisar
ME-3332;Verduras asadas Hacendado;29;Bazar y Varios;Otros bazar;Revisar;Revisar
ME-0575;Vermouth rojo Martini;119;Bazar y Varios;Otros bazar;Revisar;Revisar
ME-3340;Yemas de espÃ¡rragos Hacendado;325;Bazar y Varios;Otros bazar;Revisar;Revisar
